t_h,price,water_demand1_forecast,water_demand2_forecast,water_demand1_realized_s1,water_demand2_realized_s1,water_level_s1,pump_flow_s1,supply_pressure_s1,pump_power_s1,water_demand1_realized_s2,water_demand2_realized_s2,water_level_s2,pump_flow_s2,supply_pressure_s2,pump_power_s2,water_demand1_realized_s3,water_demand2_realized_s3,water_level_s3,pump_flow_s3,supply_pressure_s3,pump_power_s3
0.0000,1.0000,21.0904,6.8008,21.6282,6.7293,1.1584,74.2267,3.8768,4.6594,21.3846,7.0111,1.1583,74.2267,3.8775,4.6617,24.2663,6.5742,1.1522,74.2267,3.8682,4.6320
1.0000,1.0000,17.1021,5.6365,18.1388,5.7037,1.2832,73.7638,3.8941,4.6849,16.4425,5.6661,1.2874,73.7654,3.8997,4.7025,13.8772,6.2152,1.2866,73.8638,3.9086,4.7368
2.0000,1.0000,15.2317,5.0065,15.6031,4.5331,1.4169,73.6483,3.9137,4.7392,14.7675,5.0536,1.4218,73.5773,3.9158,4.7413,15.7016,5.0679,1.4186,73.5911,3.9128,4.7329
3.0000,1.0000,13.7693,4.2691,12.4453,4.7246,1.5579,73.5324,3.9358,4.8013,11.2889,4.4808,1.5660,73.4478,3.9390,4.8059,13.1924,4.0151,1.5594,73.5029,3.9334,4.7916
4.0000,1.0000,17.6196,5.5841,18.7966,5.3860,1.6830,74.2475,3.9381,4.8553,19.9593,5.3059,1.6881,74.0999,3.9333,4.8302,17.0312,5.3250,1.6890,74.2199,3.9437,4.8712
5.0000,1.0000,30.0420,9.4649,31.0314,8.6068,1.7752,76.5309,3.9380,5.0042,32.5782,8.7763,1.7758,76.4349,3.9320,4.9784,29.5641,9.4328,1.7826,76.4169,3.9419,5.0095
6.0000,1.0000,46.2246,14.0494,44.3933,14.5613,1.8268,79.5796,3.9382,5.2043,45.1147,12.5799,1.8305,79.5690,3.9361,5.1964,39.3353,15.9485,1.8430,79.4348,3.9545,5.2499
7.0000,2.0000,57.7150,17.2050,60.1896,16.8456,1.7213,34.8319,3.5305,1.6710,61.0101,16.8655,1.7226,34.7144,3.5291,1.6632,56.7273,17.0244,1.7444,34.3120,3.5358,1.6537
8.0000,2.0000,54.9677,16.9187,56.4462,17.2424,1.6263,35.7055,3.5298,1.7118,56.1082,17.6760,1.6273,35.6631,3.5303,1.7104,51.4586,17.0457,1.6604,34.9317,3.5373,1.6859
9.0000,2.0000,46.2010,14.5474,47.2036,14.2565,1.5607,35.1910,3.5345,1.6942,44.3131,14.4195,1.5683,35.1583,3.5393,1.6998,57.5286,14.9878,1.5641,33.9719,3.5154,1.6077
10.0000,2.0000,41.6671,12.9336,41.7545,12.8881,1.5123,35.2980,3.5380,1.7046,44.6725,13.4219,1.5106,35.0062,3.5323,1.6820,42.3613,12.9031,1.5138,35.1685,3.5367,1.6964
11.0000,2.0000,41.6144,12.7544,43.2930,12.9390,1.4621,36.1447,3.5346,1.7403,40.6608,11.8674,1.4698,36.2142,3.5396,1.7514,40.5316,14.4672,1.4665,36.0824,3.5389,1.7438
12.0000,2.0000,41.3025,12.7591,39.0582,12.1982,1.4267,37.1185,3.5421,1.7991,40.3005,12.4067,1.4300,36.7757,3.5389,1.7774,40.4453,12.3598,1.4268,36.9213,3.5391,1.7847
13.0000,2.0000,39.4756,12.0163,39.0011,12.4965,1.3910,37.2082,3.5391,1.7986,37.1684,11.4743,1.4010,37.0497,3.5421,1.7957,37.5298,12.5428,1.3947,37.2041,3.5417,1.8025
14.0000,2.0000,37.2313,11.4016,35.9069,11.0862,1.3673,37.5194,3.5431,1.8200,38.4811,10.5636,1.3708,36.9750,3.5367,1.7836,34.3328,11.5094,1.3734,37.3213,3.5450,1.8136
15.0000,2.0000,36.5582,11.6159,38.1735,11.0211,1.3389,37.8372,3.5384,1.8279,36.2907,12.8877,1.3419,37.6208,3.5405,1.8208,35.5041,12.0408,1.3482,37.4649,3.5415,1.8148
16.0000,2.0000,40.3229,12.4215,40.4411,12.4778,1.3052,39.4319,3.5398,1.9074,41.9452,13.0447,1.3025,39.2182,3.5360,1.8906,41.7568,11.5609,1.3118,38.7751,3.5349,1.8674
17.0000,2.0000,44.2665,13.8974,43.3113,14.2616,1.2637,40.9722,3.5394,1.9810,42.2834,13.2740,1.2666,41.2010,3.5427,1.9979,43.4874,15.3443,1.2658,40.4170,3.5362,1.9488
18.0000,2.0000,47.2549,14.6183,44.5287,14.4212,1.2218,42.1830,3.5399,2.0405,47.6971,13.9590,1.2172,41.8808,3.5323,2.0123,50.5942,14.5137,1.2079,41.9703,3.5269,2.0070
19.0000,2.0000,52.3010,16.4618,51.3085,15.6257,1.1620,42.9997,3.5267,2.0558,48.8578,16.4063,1.1631,43.6334,3.5348,2.1011,51.5300,16.4949,1.1501,44.9016,3.5360,2.1646
20.0000,2.0000,57.5994,17.6472,57.6340,18.2912,1.0823,44.0389,3.5132,2.0801,61.1755,16.1488,1.0793,43.8090,3.5054,2.0545,57.7025,16.6757,1.0803,46.4355,3.5266,2.2198
21.0000,2.0000,54.2577,16.8732,53.1544,15.1243,1.0241,45.0137,3.5211,2.1413,55.0105,17.3063,1.0140,46.1880,3.5236,2.2020,60.4461,16.1483,1.0033,45.8136,3.5101,2.1578
22.0000,1.0000,44.7325,13.5796,49.0036,12.7554,1.0596,75.9608,3.8036,4.5307,45.8236,12.5448,1.0583,76.1008,3.8150,4.5761,46.5316,14.0308,1.0425,76.2496,3.8130,4.5783
23.0000,1.0000,30.5191,9.3881,32.7860,9.4100,1.1391,74.0162,3.8386,4.5252,31.4434,9.1834,1.1418,74.0344,3.8431,4.5407,29.3814,9.9334,1.1299,74.2623,3.8509,4.5793
24.0000,1.0000,21.0904,6.8008,16.8716,6.2558,1.2633,72.7760,3.8837,4.5899,19.5176,6.3904,1.2589,72.7358,3.8749,4.5600,20.8059,7.1024,1.2424,72.9143,3.8716,4.5609
25.0000,1.0000,17.1021,5.6365,14.7185,5.6458,1.3926,72.1135,3.8949,4.5826,18.0903,5.4772,1.3804,72.1805,3.8846,4.5549,17.7841,6.0377,1.3639,72.4358,3.8869,4.5783
26.0000,1.0000,15.2317,5.0065,15.0353,4.9903,1.5222,71.8601,3.9039,4.5939,17.5431,4.6141,1.5052,72.0547,3.8971,4.5857,17.4065,5.2171,1.4882,72.3201,3.8991,4.6085
27.0000,1.0000,13.7693,4.2691,13.3403,4.4950,1.6570,71.7427,3.9209,4.6386,12.1047,3.8737,1.6453,72.0257,3.9268,4.6752,13.4953,4.2762,1.6245,72.3110,3.9241,4.6854
28.0000,1.0000,17.6196,5.5841,17.8974,5.2834,1.7803,72.4929,3.9289,4.7121,15.3713,5.2665,1.7755,72.6946,3.9384,4.7546,17.3030,5.8592,1.7493,73.0568,3.9345,4.7661
29.0000,1.0000,30.0420,9.4649,30.5237,9.1161,1.8680,74.7372,3.9269,4.8516,26.7064,9.0859,1.8730,74.8236,3.9401,4.8994,32.2637,9.7957,1.8324,75.2975,3.9248,4.8811
30.0000,1.0000,46.2246,14.0494,53.4477,14.3250,1.8931,77.7998,3.8944,4.9420,49.0945,13.8054,1.9100,77.7069,3.9088,4.9841,43.2013,13.9662,1.8856,78.4707,3.9343,5.1187
31.0000,2.0000,57.7150,17.2050,52.9796,14.7154,1.8055,32.6785,3.5409,1.5822,58.2631,17.2749,1.8015,32.1182,3.5316,1.5423,56.4727,17.9406,1.7819,32.9240,3.5348,1.5854
32.0000,2.0000,54.9677,16.9187,53.4362,20.0070,1.7041,32.8500,3.5308,1.5763,59.3411,18.4398,1.6895,32.9892,3.5219,1.5704,58.5470,18.1996,1.6742,33.6601,3.5238,1.6051
33.0000,2.0000,46.2010,14.5474,53.1645,13.9490,1.6173,32.3915,3.5208,1.5405,48.6636,15.2432,1.6121,32.9210,3.5283,1.5762,48.1793,14.7484,1.6006,33.4765,3.5300,1.6052
34.0000,2.0000,41.6671,12.9336,43.6553,12.3778,1.5600,33.1258,3.5307,1.5893,42.3145,12.7410,1.5577,33.3272,3.5331,1.6024,41.9485,12.6624,1.5485,33.7711,3.5345,1.6259
35.0000,2.0000,41.6144,12.7544,43.6503,13.4011,1.5028,34.1823,3.5294,1.6382,42.4865,13.2996,1.5040,34.2758,3.5315,1.6458,43.6719,13.2941,1.4927,34.6597,3.5304,1.6626
36.0000,2.0000,41.3025,12.7591,39.7361,12.7292,1.4599,35.3051,3.5357,1.7015,40.7852,12.2416,1.4595,35.2541,3.5339,1.6963,32.6839,14.1871,1.4649,35.7581,3.5486,1.7431
37.0000,2.0000,39.4756,12.0163,34.6754,10.7573,1.4353,35.5830,3.5419,1.7243,42.0051,13.0411,1.4109,35.6023,3.5289,1.7054,42.4503,11.8673,1.4175,35.3375,3.5277,1.6909
38.0000,2.0000,37.2313,11.4016,37.6913,11.8225,1.3992,35.0952,3.5316,1.6852,34.1279,11.7705,1.3873,36.4336,3.5421,1.7659,34.5951,11.3397,1.3928,36.0756,3.5402,1.7456
39.0000,2.0000,36.5582,11.6159,36.8523,12.2009,1.3663,35.8568,3.5331,1.7242,35.4203,10.6886,1.3635,36.6031,3.5387,1.7688,32.0573,11.5226,1.3745,36.2580,3.5430,1.7588
40.0000,2.0000,40.3229,12.4215,36.6714,12.0924,1.3380,37.4799,3.5388,1.8112,41.0457,12.9739,1.3226,37.6783,3.5315,1.8091,41.1454,13.3160,1.3306,36.8878,3.5282,1.7660
41.0000,2.0000,44.2665,13.8974,42.0350,13.6670,1.2943,38.1913,3.5297,1.8309,50.1502,14.5652,1.2596,39.4999,3.5200,1.8771,46.5546,12.3940,1.2803,38.8272,3.5244,1.8525
42.0000,2.0000,47.2549,14.6183,47.0037,15.0367,1.2366,38.9867,3.5202,1.8530,44.5895,12.3067,1.2239,42.6128,3.5425,2.0660,45.7042,14.9332,1.2298,40.4555,3.5292,1.9385
43.0000,2.0000,52.3010,16.4618,48.6553,15.5809,1.1785,40.9627,3.5218,1.9499,48.1370,15.7366,1.1710,42.7139,3.5316,2.0510,48.1472,17.6174,1.1702,41.9013,3.5269,2.0037
44.0000,2.0000,57.5994,17.6472,57.1817,18.1027,1.0920,40.7020,3.4976,1.8954,55.2055,17.1549,1.0956,42.2136,3.5090,1.9864,57.7104,16.8020,1.0898,42.3837,3.5050,1.9871
45.0000,2.0000,54.2577,16.8732,54.6399,17.0713,1.0155,41.1171,3.4963,1.9124,58.1380,14.9572,1.0121,39.6660,3.4831,1.8225,54.0465,18.3526,1.0138,41.9840,3.5016,1.9623
46.0000,1.0000,44.7325,13.5796,44.8500,13.0400,1.0610,76.0798,3.8181,4.5847,43.9569,12.7263,1.0607,76.1278,3.8214,4.5984,49.3717,14.0077,1.0456,76.1036,3.8027,4.5363
47.0000,1.0000,30.5191,9.3881,29.3790,8.6186,1.1510,73.9963,3.8498,4.5595,33.5012,8.8639,1.1398,74.0009,3.8363,4.5170,32.2021,9.0846,1.1279,74.2178,3.8416,4.5471
48.0000,1.0000,21.0904,6.8008,22.0144,6.7104,1.2607,72.6000,3.8661,4.5240,18.1766,7.0038,1.2587,72.7670,3.8793,4.5755,21.3920,6.8825,1.2396,72.9436,3.8700,4.5575
49.0000,1.0000,17.1021,5.6365,18.2266,5.3459,1.3821,72.1535,3.8840,4.5515,18.5261,5.7362,1.3785,72.1835,3.8831,4.5507,18.5048,5.1272,1.3617,72.4793,3.8851,4.5754
50.0000,1.0000,15.2317,5.0065,15.5923,5.3017,1.5100,72.0279,3.9030,4.6021,16.3948,5.7807,1.5033,72.0856,3.9007,4.5986,15.0008,4.8398,1.4930,72.3559,3.9071,4.6356
51.0000,1.0000,13.7693,4.2691,12.9380,4.3053,1.6467,71.9463,3.9235,4.6599,12.3280,4.1700,1.6422,72.0574,3.9262,4.6754,12.8286,4.7283,1.6297,72.2298,3.9256,4.6848
52.0000,1.0000,17.6196,5.5841,18.5708,5.8413,1.7674,72.6703,3.9278,4.7201,17.8193,5.9633,1.7646,72.7486,3.9307,4.7342,18.3789,5.2903,1.7529,72.9664,3.9305,4.7479
53.0000,1.0000,30.0420,9.4649,28.9305,9.5399,1.8586,74.9692,3.9337,4.8882,32.7368,9.5088,1.8465,75.0189,3.9214,4.8521,31.3333,10.4929,1.8364,75.2307,3.9273,4.8846
54.0000,1.0000,46.2246,14.0494,49.2231,14.2669,1.8948,77.9753,3.9100,5.0054,46.5245,14.2735,1.8901,78.2019,3.9209,5.0562,45.4919,13.9819,1.8837,78.3930,3.9259,5.0853
55.0000,2.0000,57.7150,17.2050,53.1509,16.4118,1.8025,32.6214,3.5402,1.5784,61.9721,16.0303,1.7770,32.7783,3.5264,1.5667,54.3815,18.2127,1.7847,32.9855,3.5381,1.5931
56.0000,2.0000,54.9677,16.9187,58.6764,17.5843,1.6942,32.9559,3.5232,1.5706,64.5994,15.0151,1.6625,33.8271,3.5149,1.6002,55.8970,16.9625,1.6865,33.5637,3.5283,1.6070
57.0000,2.0000,46.2010,14.5474,46.1326,16.0762,1.6206,32.7507,3.5319,1.5730,47.1348,13.8903,1.5947,33.8966,3.5325,1.6290,37.6997,12.6274,1.6432,33.0312,3.5466,1.6073
58.0000,2.0000,41.6671,12.9336,37.8281,12.6978,1.5767,32.9979,3.5397,1.5959,40.8052,13.5141,1.5439,33.9962,3.5367,1.6398,43.7888,12.4975,1.5828,32.1148,3.5287,1.5381
59.0000,2.0000,41.6144,12.7544,40.6506,12.3092,1.5281,33.4864,3.5331,1.6101,39.2469,13.9431,1.4980,34.8477,3.5381,1.6830,43.1231,12.8970,1.5258,33.2330,3.5284,1.5913
60.0000,2.0000,41.3025,12.7591,41.4674,12.6405,1.4782,34.1710,3.5299,1.6384,43.2774,13.2129,1.4456,35.5189,3.5301,1.7033,36.3082,11.8944,1.4910,34.2707,3.5389,1.6563
61.0000,2.0000,39.4756,12.0163,40.2701,11.6757,1.4351,34.6803,3.5296,1.6623,38.9026,12.3688,1.4081,36.2857,3.5364,1.7498,39.6543,11.0629,1.4493,34.0457,3.5290,1.6311
62.0000,2.0000,37.2313,11.4016,34.5332,10.9307,1.4092,35.1086,3.5372,1.6942,36.7403,10.8385,1.3807,36.5851,3.5384,1.7673,34.5829,11.6475,1.4196,34.3197,3.5344,1.6521
63.0000,2.0000,36.5582,11.6159,33.5712,11.7104,1.3841,35.2377,3.5367,1.6997,36.2743,12.6653,1.3508,37.0123,3.5382,1.7878,38.6007,11.1717,1.3816,34.5863,3.5262,1.6527
64.0000,2.0000,40.3229,12.4215,40.9167,12.2087,1.3417,36.1999,3.5264,1.7302,42.2564,13.4043,1.3082,38.5831,3.5328,1.8547,34.2710,11.1811,1.3589,36.3770,3.5388,1.7580
65.0000,2.0000,44.2665,13.8974,42.7421,15.0748,1.2919,37.8769,3.5268,1.8111,40.7837,13.4630,1.2743,40.7253,3.5433,1.9759,41.2797,13.3376,1.3134,36.4100,3.5240,1.7365
66.0000,2.0000,47.2549,14.6183,48.0760,14.6185,1.2332,39.2369,3.5194,1.8636,41.9208,14.5784,1.2358,41.0742,3.5395,1.9862,49.7289,15.3592,1.2431,36.9719,3.5069,1.7364
67.0000,2.0000,52.3010,16.4618,55.2319,16.7757,1.1568,41.4292,3.5110,1.9530,42.9088,15.4963,1.1925,41.0798,3.5335,1.9760,56.7634,16.0026,1.1614,40.0728,3.5022,1.8739
68.0000,2.0000,57.5994,17.6472,50.5923,18.6364,1.0964,45.0845,3.5335,2.1685,62.6935,19.1718,1.0824,37.8567,3.4749,1.7261,48.4282,18.6185,1.1042,44.1612,3.5327,2.1227
69.0000,2.0000,54.2577,16.8732,55.2761,16.5744,1.0152,39.3404,3.4865,1.8133,54.5531,17.2770,1.0152,44.9356,3.5172,2.1301,52.2639,18.3906,1.0182,36.2548,3.4775,1.6570
70.0000,1.0000,44.7325,13.5796,48.7745,14.7284,1.0466,76.0846,3.8045,4.5408,49.7167,13.5036,1.0474,76.0839,3.8016,4.5315,45.8152,13.6056,1.0597,76.0431,3.8145,4.5709
71.0000,1.0000,30.5191,9.3881,29.8491,9.0384,1.1349,74.2031,3.8493,4.5705,30.4989,9.6131,1.1326,74.1922,3.8469,4.5625,29.1473,8.7636,1.1500,74.0146,3.8506,4.5633
72.0000,1.0000,21.0904,6.8008,19.8287,6.4771,1.2512,72.8393,3.8745,4.5652,19.9356,6.9772,1.2475,72.8741,3.8742,4.5665,23.5657,6.2796,1.2569,72.6151,3.8613,4.5100
73.0000,1.0000,17.1021,5.6365,18.0513,5.5149,1.3731,72.2989,3.8854,4.5649,17.7052,5.4999,1.3704,72.3572,3.8869,4.5731,15.5989,5.6277,1.3844,72.2117,3.8927,4.5820
74.0000,1.0000,15.2317,5.0065,15.5166,4.9727,1.5023,72.1730,3.9043,4.6152,15.1457,4.6405,1.5014,72.2167,3.9058,4.6227,15.6302,5.2662,1.5121,71.9923,3.9027,4.5988
75.0000,1.0000,13.7693,4.2691,14.6794,3.9168,1.6360,72.0744,3.9189,4.6539,12.4951,3.9464,1.6406,72.0886,3.9260,4.6766,12.7041,4.3367,1.6493,71.9108,3.9240,4.6591
76.0000,1.0000,17.6196,5.5841,17.1708,5.5726,1.7613,72.8568,3.9336,4.7503,16.4690,5.0126,1.7688,72.7772,3.9355,4.7510,19.4474,5.7641,1.7678,72.6261,3.9247,4.7076
77.0000,1.0000,30.0420,9.4649,26.7574,8.5356,1.8607,75.0795,3.9419,4.9218,33.9582,9.7219,1.8469,74.9434,3.9168,4.8325,29.9940,9.2178,1.8572,74.9612,3.9302,4.8765
78.0000,1.0000,46.2246,14.0494,45.8494,15.2010,1.9029,77.9357,3.9211,5.0398,47.4332,15.8847,1.8841,78.1942,3.9173,5.0437,44.9550,14.2979,1.9041,78.0020,3.9249,5.0566
79.0000,2.0000,57.7150,17.2050,55.8165,17.1230,1.8015,32.3536,3.5356,1.5591,59.4881,15.4838,1.7791,32.9725,3.5306,1.5819,50.3983,16.7276,1.8170,32.3168,3.5442,1.5692
80.0000,2.0000,54.9677,16.9187,58.1121,16.2792,1.6980,32.9901,3.5244,1.5740,53.8461,17.0565,1.6863,33.7540,3.5318,1.6212,61.7886,16.5944,1.7022,32.4541,3.5181,1.5397
81.0000,2.0000,46.2010,14.5474,46.8610,13.7694,1.6279,32.6137,3.5311,1.5654,43.8498,14.8995,1.6220,33.0389,3.5362,1.5930,48.7671,13.4405,1.6278,32.4593,3.5280,1.5536
82.0000,2.0000,41.6671,12.9336,36.6534,12.6409,1.5865,32.7118,3.5410,1.5839,44.4084,12.1838,1.5629,32.9423,3.5292,1.5784,43.9838,11.7363,1.5703,32.7154,3.5296,1.5681
83.0000,2.0000,41.6144,12.7544,37.9447,12.5869,1.5428,33.0802,3.5365,1.5954,41.2931,12.9079,1.5125,34.0630,3.5331,1.6379,45.1082,12.3924,1.5110,33.7534,3.5264,1.6132
84.0000,2.0000,41.3025,12.7591,43.9958,11.9744,1.4867,33.5024,3.5244,1.5985,38.9892,11.9350,1.4724,34.8700,3.5360,1.6810,42.3668,11.9270,1.4626,34.9404,3.5305,1.6762
85.0000,2.0000,39.4756,12.0163,41.4555,11.3655,1.4403,34.2612,3.5265,1.6378,39.0849,12.8656,1.4299,34.9683,3.5321,1.6798,37.6137,11.3379,1.4288,35.4523,3.5363,1.7096
86.0000,2.0000,37.2313,11.4016,35.4725,11.2760,1.4105,34.8205,3.5346,1.6765,34.7436,11.0027,1.4040,35.3904,3.5377,1.7087,35.0330,11.8522,1.4002,35.4513,3.5372,1.7108
87.0000,2.0000,36.5582,11.6159,36.5554,11.2597,1.3788,35.1568,3.5315,1.6880,37.0709,11.6847,1.3710,35.5576,3.5319,1.7078,34.3998,11.5427,1.3749,35.7949,3.5373,1.7275
88.0000,2.0000,40.3229,12.4215,41.6486,13.1084,1.3334,36.5777,3.5263,1.7481,43.6825,12.9219,1.3224,37.1360,3.5248,1.7724,44.3991,14.5528,1.3196,36.8612,3.5221,1.7551
89.0000,2.0000,44.2665,13.8974,45.7964,14.8285,1.2783,38.5898,3.5242,1.8409,41.5358,13.5457,1.2835,39.5220,3.5364,1.9059,39.4968,14.6554,1.2836,39.7535,3.5410,1.9248
90.0000,2.0000,47.2549,14.6183,50.3100,14.6321,1.2176,40.6637,3.5214,1.9350,52.2357,13.0765,1.2205,40.1189,3.5158,1.8993,45.1756,14.0733,1.2358,40.1012,3.5288,1.9208
91.0000,2.0000,52.3010,16.4618,53.2907,16.9208,1.1510,43.5794,3.5253,2.0810,49.7247,15.9468,1.1643,43.1795,3.5307,2.0719,51.0613,17.2159,1.1678,41.0807,3.5174,1.9477
92.0000,2.0000,57.5994,17.6472,57.1964,16.2598,1.0830,46.2566,3.5268,2.2116,58.2513,18.4400,1.0815,43.5748,3.5095,2.0513,58.5540,18.0180,1.0835,42.8621,3.5054,2.0102
93.0000,2.0000,54.2577,16.8732,53.2215,17.5065,1.0180,44.7162,3.5186,2.1224,50.9094,16.7893,1.0255,45.3261,3.5272,2.1680,56.5610,16.1920,1.0129,44.5105,3.5109,2.0979
94.0000,1.0000,44.7325,13.5796,48.2170,13.5552,1.0537,76.0456,3.8065,4.5450,43.9990,13.7634,1.0710,75.9408,3.8201,4.5829,40.6099,14.4613,1.0655,76.1159,3.8321,4.6326
95.0000,1.0000,30.5191,9.3881,25.4506,9.6560,1.1511,74.1017,3.8630,4.6077,30.6258,8.7909,1.1571,73.8530,3.8449,4.5353,26.6235,8.9595,1.1614,73.9313,3.8584,4.5827
96.0000,1.0000,21.0904,6.8008,20.8747,7.4416,1.2618,72.5977,3.8695,4.5346,20.4140,6.8581,1.2702,72.5097,3.8707,4.5326,21.0836,5.5761,1.2759,72.4460,3.8685,4.5219
97.0000,1.0000,17.1021,5.6365,17.1437,4.8795,1.3871,72.1354,3.8875,4.5611,16.2152,5.8781,1.3950,72.0076,3.8895,4.5590,18.6334,5.9000,1.3943,71.9206,3.8812,4.5282
98.0000,1.0000,15.2317,5.0065,13.6299,5.0834,1.5202,71.9480,3.9089,4.6149,14.4699,5.0172,1.5258,71.8233,3.9054,4.5964,16.0825,4.8245,1.5216,71.8334,3.9004,4.5816
99.0000,1.0000,13.7693,4.2691,14.1074,3.9928,1.6544,71.7761,3.9188,4.6343,12.9350,4.7487,1.6608,71.6837,3.9217,4.6374,13.9883,4.6426,1.6544,71.7525,3.9188,4.6330
100.0000,1.0000,17.6196,5.5841,16.7729,5.7789,1.7794,72.5376,3.9327,4.7267,15.5785,5.5158,1.7891,72.4275,3.9359,4.7293,17.2073,5.3705,1.7793,72.5368,3.9314,4.7226
101.0000,1.0000,30.0420,9.4649,31.9537,8.7330,1.8645,74.7535,3.9224,4.8382,29.4591,8.8845,1.8797,74.5793,3.9294,4.8493,30.6920,8.8065,1.8675,74.7540,3.9266,4.8515
102.0000,1.0000,46.2246,14.0494,45.7963,13.6396,1.9106,77.8647,3.9212,5.0355,47.5928,12.7112,1.9229,77.5834,3.9134,4.9914,45.3947,15.3303,1.9102,77.8099,3.9218,5.0339
103.0000,2.0000,57.7150,17.2050,60.5645,17.4104,1.7959,32.0997,3.5279,1.5364,61.5833,18.3721,1.8023,31.6901,3.5259,1.5141,61.1950,16.1155,1.7972,32.1135,3.5273,1.5361
104.0000,2.0000,54.9677,16.9187,59.9109,17.5299,1.6853,33.1808,3.5214,1.5788,57.5921,16.8600,1.6985,32.9632,3.5251,1.5737,51.7456,17.1214,1.7079,33.1368,3.5345,1.5953
105.0000,2.0000,46.2010,14.5474,47.5063,14.6115,1.6127,33.0753,3.5305,1.5867,54.5777,15.4140,1.6050,32.5931,3.5184,1.5468,46.6586,15.7892,1.6324,32.2524,3.5304,1.5471
106.0000,2.0000,41.6671,12.9336,38.9749,12.3298,1.5677,33.3038,3.5385,1.6091,42.6469,13.2822,1.5492,33.5982,3.5329,1.6152,41.3266,13.0208,1.5779,32.5385,3.5331,1.5646
107.0000,2.0000,41.6144,12.7544,36.9648,12.3387,1.5291,33.8642,3.5399,1.6381,40.2132,13.9748,1.5003,34.6284,3.5359,1.6692,43.2827,12.6939,1.5215,33.4396,3.5286,1.6015
108.0000,2.0000,41.3025,12.7591,46.6458,13.4236,1.4642,34.1258,3.5211,1.6234,47.0062,13.7103,1.4371,35.4173,3.5234,1.6883,41.9871,12.8361,1.4706,34.4656,3.5297,1.6523
109.0000,2.0000,39.4756,12.0163,39.1514,12.0124,1.4247,35.3722,3.5333,1.7011,36.4254,11.7491,1.4084,36.7042,3.5422,1.7791,46.9029,12.6099,1.4095,35.0553,3.5192,1.6648
110.0000,2.0000,37.2313,11.4016,35.3398,10.2712,1.3999,35.6768,3.5378,1.7227,39.8917,11.5855,1.3711,36.5720,3.5326,1.7577,41.3481,10.8600,1.3702,36.5121,3.5301,1.7509
111.0000,2.0000,36.5582,11.6159,36.9473,12.1929,1.3666,35.8170,3.5328,1.7218,33.9818,12.3582,1.3493,37.6030,3.5446,1.8266,40.5955,12.0336,1.3328,37.6576,3.5331,1.8107
112.0000,2.0000,40.3229,12.4215,39.7534,12.7259,1.3290,37.4569,3.5330,1.8009,41.3765,11.5174,1.3138,38.6947,3.5353,1.8642,34.2551,12.8435,1.3147,39.8681,3.5532,1.9513
113.0000,2.0000,44.2665,13.8974,47.0497,14.6121,1.2723,38.9584,3.5235,1.8573,37.8375,15.0847,1.2821,40.2493,3.5463,1.9579,43.1550,15.8063,1.2678,40.1688,3.5356,1.9358
114.0000,2.0000,47.2549,14.6183,47.3732,14.3286,1.2212,41.2920,3.5300,1.9801,50.3903,15.6616,1.2176,40.2630,3.5192,1.9121,45.1329,14.3287,1.2235,41.7625,3.5367,2.0144
115.0000,2.0000,52.3010,16.4618,52.3540,17.2645,1.1549,43.0776,3.5246,2.0557,51.6903,17.4145,1.1538,43.5723,3.5284,2.0864,54.3567,15.5750,1.1556,42.7663,3.5195,2.0314
116.0000,2.0000,57.5994,17.6472,54.5625,16.5447,1.0908,45.4709,3.5278,2.1762,53.4869,17.4384,1.0907,45.6907,3.5311,2.1931,47.9138,18.4116,1.1031,45.3278,3.5405,2.1939
117.0000,2.0000,54.2577,16.8732,56.1375,17.4396,1.0108,41.5973,3.4958,1.9338,60.9769,17.1734,0.9994,41.6307,3.4866,1.9189,58.9596,16.4787,1.0062,36.6754,3.4681,1.6615
118.0000,1.0000,44.7325,13.5796,41.3203,13.1875,1.0649,76.1446,3.8302,4.6281,47.2586,12.6863,1.0403,76.3039,3.8111,4.5756,48.2541,13.8108,1.0416,76.2093,3.8070,4.5566
119.0000,1.0000,30.5191,9.3881,32.0185,9.7609,1.1453,73.9396,3.8406,4.5269,30.6222,9.4202,1.1259,74.2943,3.8471,4.5693,27.5871,9.4614,1.1346,74.2763,3.8570,4.5995
120.0000,1.0000,21.0904,6.8008,23.4619,7.2035,1.2504,72.6838,3.8617,4.5158,19.9304,6.5656,1.2421,72.9734,3.8749,4.5749,19.5677,7.2687,1.2496,72.8435,3.8752,4.5675
121.0000,1.0000,17.1021,5.6365,15.1782,5.3922,1.3797,72.3122,3.8947,4.5946,17.0474,5.6652,1.3665,72.4400,3.8894,4.5863,16.0911,5.4185,1.3767,72.3237,3.8919,4.5864
122.0000,1.0000,15.2317,5.0065,12.4601,4.9914,1.5163,72.0661,3.9134,4.6363,15.0475,4.8607,1.4974,72.2795,3.9065,4.6288,15.2804,4.9793,1.5063,72.1152,3.9047,4.6127
123.0000,1.0000,13.7693,4.2691,14.3960,4.2789,1.6492,71.8413,3.9182,4.6368,14.5056,4.3404,1.6307,72.1564,3.9199,4.6623,14.4204,3.6276,1.6412,72.0070,3.9194,4.6510
124.0000,1.0000,17.6196,5.5841,20.9320,5.9753,1.7635,72.6274,3.9199,4.6927,18.6571,5.9719,1.7515,72.9496,3.9294,4.7431,20.2819,5.2915,1.7592,72.7657,3.9231,4.7115
125.0000,1.0000,30.0420,9.4649,27.8234,9.8609,1.8569,75.0391,3.9377,4.9058,28.5619,8.7350,1.8464,75.2576,3.9371,4.9180,29.6044,10.3211,1.8472,75.1169,3.9323,4.8933
126.0000,1.0000,46.2246,14.0494,41.9590,13.0407,1.9144,78.0076,3.9355,5.0925,44.3509,14.8149,1.8940,78.2053,3.9283,5.0811,48.8422,13.4856,1.8868,78.1900,3.9130,5.0292
127.0000,2.0000,57.7150,17.2050,60.2230,17.6686,1.7996,31.9738,3.5284,1.5309,55.4492,15.1872,1.7990,32.6498,3.5369,1.5752,58.3768,16.4944,1.7819,32.8843,3.5321,1.5797
128.0000,2.0000,54.9677,16.9187,51.5580,17.6610,1.7092,33.0543,3.5346,1.5915,49.4953,14.7659,1.7210,33.0753,3.5387,1.5982,62.1053,15.7055,1.6715,33.6613,3.5187,1.5978
129.0000,2.0000,46.2010,14.5474,44.4760,16.3666,1.6376,32.2041,3.5336,1.5492,44.1844,14.4452,1.6539,31.7703,3.5339,1.5288,48.7309,15.0441,1.5960,33.5737,3.5292,1.6087
130.0000,2.0000,41.6671,12.9336,40.5969,11.6549,1.5878,32.3353,3.5343,1.5564,41.3831,12.9387,1.5973,31.6982,3.5316,1.5222,45.8745,13.0692,1.5335,33.9469,3.5284,1.6254
131.0000,2.0000,41.6144,12.7544,43.2478,12.3516,1.5314,33.0245,3.5279,1.5806,43.7359,13.0869,1.5368,32.6259,3.5262,1.5591,38.3054,11.8631,1.4963,35.2762,3.5412,1.7085
132.0000,2.0000,41.3025,12.7591,40.0674,13.7608,1.4819,34.0216,3.5316,1.6337,45.3263,11.5215,1.4791,33.7748,3.5230,1.6094,40.7167,13.2605,1.4503,35.5984,3.5347,1.7141
133.0000,2.0000,39.4756,12.0163,40.2850,11.0575,1.4397,34.5003,3.5292,1.6531,37.1212,11.9739,1.4430,34.6342,3.5346,1.6675,37.1054,12.2003,1.4172,36.0550,3.5388,1.7425
134.0000,2.0000,37.2313,11.4016,36.7463,10.5964,1.4085,34.8497,3.5327,1.6751,38.7448,11.4866,1.4041,34.6704,3.5286,1.6604,41.3654,11.9079,1.3742,36.0902,3.5284,1.7281
135.0000,2.0000,36.5582,11.6159,34.2798,11.9696,1.3811,35.2783,3.5355,1.7000,35.3594,12.4744,1.3734,35.5546,3.5346,1.7118,38.3321,11.1771,1.3440,37.4109,3.5365,1.8042
136.0000,2.0000,40.3229,12.4215,39.3714,13.1663,1.3408,36.4138,3.5296,1.7454,46.4969,12.3455,1.3187,36.9674,3.5194,1.7558,39.4151,13.6926,1.3089,39.0728,3.5399,1.8901
137.0000,2.0000,44.2665,13.8974,41.1624,13.3502,1.2994,37.9589,3.5304,1.8208,44.1074,14.3303,1.2722,39.8330,3.5327,1.9147,42.7887,14.2328,1.2680,40.6624,3.5390,1.9654
138.0000,2.0000,47.2549,14.6183,47.2776,15.0833,1.2396,38.4482,3.5173,1.8228,49.0056,13.7770,1.2185,41.2992,3.5271,1.9751,48.9447,14.5177,1.2137,41.7372,3.5290,1.9996
139.0000,2.0000,52.3010,16.4618,47.9641,16.5751,1.1796,40.5534,3.5210,1.9289,48.6884,16.2800,1.1647,43.4550,3.5342,2.0915,49.5940,15.9589,1.1601,44.1126,3.5359,2.1264
140.0000,2.0000,57.5994,17.6472,52.9547,19.2253,1.1003,40.4602,3.5043,1.8956,54.1541,17.1842,1.0951,43.4864,3.5177,2.0623,53.6445,17.3928,1.0935,44.4202,3.5237,2.1180
141.0000,2.0000,54.2577,16.8732,60.0903,16.8717,1.0024,37.7774,3.4706,1.7155,55.0651,17.5720,1.0132,39.8867,3.4893,1.8432,56.1844,17.7265,1.0100,40.4988,3.4901,1.8729
142.0000,1.0000,44.7325,13.5796,44.5570,14.3714,1.0457,76.2624,3.8196,4.6007,43.4650,12.7890,1.0628,76.1119,3.8229,4.6025,52.8621,13.3646,1.0348,76.1562,3.7914,4.5026
143.0000,1.0000,30.5191,9.3881,30.3977,8.8889,1.1330,74.2161,3.8476,4.5660,31.3146,8.9269,1.1472,73.9696,3.8433,4.5372,29.9648,9.9841,1.1209,74.3736,3.8495,4.5820
144.0000,1.0000,21.0904,6.8008,21.8864,6.7267,1.2437,72.8671,3.8680,4.5465,18.6601,7.0314,1.2646,72.6567,3.8771,4.5617,20.2255,7.0333,1.2354,73.0491,3.8743,4.5776
145.0000,1.0000,17.1021,5.6365,16.5710,5.6044,1.3693,72.4160,3.8908,4.5891,17.9374,6.2303,1.3844,72.0935,3.8844,4.5488,15.6243,6.0833,1.3625,72.5451,3.8945,4.6088
146.0000,1.0000,15.2317,5.0065,14.9749,5.3423,1.4991,72.2340,3.9063,4.6253,14.2209,5.1193,1.5160,71.9917,3.9072,4.6127,13.7314,5.2465,1.4959,72.3438,3.9110,4.6469
147.0000,1.0000,13.7693,4.2691,14.2012,4.4148,1.6329,72.1281,3.9207,4.6628,15.5191,4.3454,1.6460,71.8456,3.9146,4.6261,14.3026,4.2533,1.6299,72.1815,3.9207,4.6665
148.0000,1.0000,17.6196,5.5841,17.9868,5.3370,1.7568,72.9112,3.9314,4.7470,17.2446,5.4703,1.7709,72.6832,3.9323,4.7347,18.7257,4.9563,1.7531,72.9620,3.9295,4.7443
149.0000,1.0000,30.0420,9.4649,27.4723,9.8449,1.8514,75.1600,3.9398,4.9202,32.4742,10.0715,1.8518,74.9056,3.9214,4.8447,30.0623,9.6313,1.8420,75.2268,3.9317,4.8986
150.0000,1.0000,46.2246,14.0494,49.0668,14.6869,1.8873,78.1099,3.9114,5.0186,41.4669,14.4960,1.9071,78.1031,3.9375,5.1054,47.3589,14.7021,1.8825,78.2881,3.9185,5.0538
151.0000,2.0000,57.7150,17.2050,55.2007,17.0919,1.7888,32.8682,3.5370,1.5858,59.5416,18.9609,1.7914,32.2145,3.5292,1.5436,58.2086,17.3701,1.7762,33.0247,3.5322,1.5867
152.0000,2.0000,54.9677,16.9187,50.6846,16.6621,1.7040,33.4259,3.5367,1.6123,51.3661,17.2482,1.7032,33.3347,3.5353,1.6060,55.5300,17.4731,1.6783,33.8554,3.5291,1.6221
153.0000,2.0000,46.2010,14.5474,43.1314,14.3814,1.6412,32.3955,3.5365,1.5624,44.5413,13.7348,1.6386,32.4222,3.5345,1.5609,40.9985,14.1435,1.6238,33.3278,3.5415,1.6144
154.0000,2.0000,41.6671,12.9336,40.4665,11.6428,1.5914,32.1962,3.5342,1.5497,41.7428,12.4996,1.5837,32.2967,3.5322,1.5517,40.2587,12.6439,1.5737,32.8739,3.5356,1.5841
155.0000,2.0000,41.6144,12.7544,46.6109,12.8961,1.5248,32.8749,3.5221,1.5653,40.6408,12.0129,1.5351,33.1951,3.5325,1.5953,41.9567,12.0467,1.5227,33.6136,3.5313,1.6136
156.0000,2.0000,41.3025,12.7591,37.7202,12.9353,1.4840,34.3179,3.5364,1.6550,42.1078,11.8194,1.4849,33.8540,3.5283,1.6209,38.9159,13.7823,1.4770,34.4120,3.5345,1.6566
157.0000,2.0000,39.4756,12.0163,39.9418,11.4039,1.4416,34.3961,3.5294,1.6484,41.6532,12.9104,1.4344,34.3495,3.5261,1.6413,38.0879,12.1283,1.4383,34.7406,3.5333,1.6707
158.0000,2.0000,37.2313,11.4016,31.3586,11.9001,1.4203,34.7485,3.5411,1.6826,39.0245,11.9437,1.3948,35.1467,3.5295,1.6845,34.9811,11.0710,1.4105,34.9291,3.5358,1.6835
159.0000,2.0000,36.5582,11.6159,36.5540,10.6768,1.3886,34.5396,3.5295,1.6555,36.3223,10.7687,1.3674,36.1336,3.5354,1.7410,35.6587,10.7050,1.3825,35.1541,3.5331,1.6903
160.0000,2.0000,40.3229,12.4215,42.9993,12.0179,1.3407,35.8733,3.5217,1.7074,36.2665,13.7243,1.3359,37.3971,3.5387,1.8072,42.8610,12.3093,1.3353,36.3136,3.5234,1.7310
161.0000,2.0000,44.2665,13.8974,43.4936,13.5085,1.2931,37.9639,3.5262,1.8142,41.6385,14.0975,1.2925,38.3716,3.5311,1.8417,42.9386,15.0779,1.2863,38.4222,3.5287,1.8402
162.0000,2.0000,47.2549,14.6183,45.0606,16.3291,1.2374,39.1074,3.5240,1.8651,46.5724,13.7947,1.2395,39.1710,3.5221,1.8650,46.7184,15.0159,1.2316,39.8182,3.5244,1.8997
163.0000,2.0000,52.3010,16.4618,53.1944,14.9117,1.1693,40.8554,3.5128,1.9290,44.1130,16.8361,1.1886,40.5649,3.5283,1.9421,55.4410,15.7595,1.1577,41.6612,3.5120,1.9656
164.0000,2.0000,57.5994,17.6472,60.5749,18.2318,1.0787,42.5581,3.4998,1.9858,60.7956,17.5753,1.0893,38.6502,3.4820,1.7740,60.3395,19.1326,1.0713,44.9006,3.5120,2.1184
165.0000,2.0000,54.2577,16.8732,56.9145,17.8093,1.0080,46.4485,3.5209,2.2092,53.2984,16.1056,1.0213,42.2101,3.5049,1.9787,61.0441,18.2925,0.9964,49.4037,3.5298,2.3685
166.0000,1.0000,44.7325,13.5796,51.2427,13.8817,1.0356,76.1845,3.7969,4.5220,43.9031,12.0261,1.0715,75.9998,3.8211,4.5898,37.8329,14.3638,1.0568,76.3453,3.8426,4.6809
167.0000,1.0000,30.5191,9.3881,30.9901,10.0414,1.1190,74.3620,3.8461,4.5703,32.6546,9.4084,1.1509,73.8463,3.8381,4.5134,32.4485,9.8242,1.1363,74.0561,3.8398,4.5314
168.0000,1.0000,21.0904,6.8008,20.1686,6.3992,1.2352,73.0783,3.8748,4.5811,22.1298,6.9177,1.2598,72.6010,3.8656,4.5227,20.3400,7.2635,1.2493,72.8188,3.8725,4.5578
169.0000,1.0000,17.1021,5.6365,16.9431,4.8797,1.3620,72.5473,3.8906,4.5967,17.3810,4.7805,1.3848,72.1669,3.8869,4.5614,17.2720,5.8168,1.3724,72.3287,3.8880,4.5748
170.0000,1.0000,15.2317,5.0065,15.1502,5.2325,1.4920,72.3507,3.9065,4.6334,14.1064,5.1701,1.5166,71.9850,3.9075,4.6133,16.1732,5.2349,1.4994,72.1836,3.9022,4.6094
171.0000,1.0000,13.7693,4.2691,13.8797,3.9685,1.6280,72.2473,3.9226,4.6765,14.0846,4.4243,1.6499,71.8362,3.9191,4.6393,14.8698,4.0730,1.6323,72.1233,3.9186,4.6561
172.0000,1.0000,17.6196,5.5841,17.5806,5.4768,1.7528,72.9967,3.9333,4.7584,18.0697,5.4297,1.7727,72.6152,3.9292,4.7207,18.9708,6.0772,1.7520,72.9208,3.9281,4.7374
173.0000,1.0000,30.0420,9.4649,30.4276,8.8079,1.8428,75.2329,3.9307,4.8959,28.0808,9.5274,1.8659,74.8732,3.9358,4.8889,30.3858,9.5937,1.8402,75.2479,3.9308,4.8970
174.0000,1.0000,46.2246,14.0494,40.5260,14.9199,1.8999,78.2725,3.9419,5.1311,49.7829,13.8172,1.9015,77.8401,3.9073,4.9877,51.7145,15.7239,1.8674,78.3226,3.9035,5.0057
175.0000,2.0000,57.7150,17.2050,61.2479,18.0815,1.7827,32.4550,3.5269,1.5519,59.8778,16.3570,1.7919,32.4027,3.5294,1.5529,56.5100,15.1361,1.7721,33.5206,3.5359,1.6158
176.0000,2.0000,54.9677,16.9187,52.6367,16.2014,1.6947,33.6332,3.5339,1.6183,46.9795,16.5601,1.7163,33.3193,3.5426,1.6156,54.3959,17.6215,1.6770,33.9951,3.5311,1.6317
177.0000,2.0000,46.2010,14.5474,42.2019,15.3214,1.6327,32.7338,3.5383,1.5812,46.6167,15.7052,1.6404,31.9430,3.5301,1.5318,48.9258,15.3881,1.5997,33.3746,3.5285,1.5981
178.0000,2.0000,41.6671,12.9336,43.6278,13.0260,1.5724,32.5263,3.5295,1.5589,37.7791,11.8289,1.5969,32.2269,3.5385,1.5569,39.9721,12.6725,1.5526,33.8058,3.5378,1.6323
179.0000,2.0000,41.6144,12.7544,45.6591,12.6497,1.5108,33.6680,3.5252,1.6075,45.1033,12.9325,1.5334,32.6426,3.5241,1.5570,48.2493,13.0942,1.4854,34.4902,3.5225,1.6428
180.0000,2.0000,41.3025,12.7591,42.8050,12.8022,1.4591,34.9484,3.5296,1.6752,43.7619,12.8974,1.4766,33.9281,3.5255,1.6204,44.4085,13.3213,1.4313,36.0821,3.5296,1.7296
181.0000,2.0000,39.4756,12.0163,39.9450,11.8728,1.4186,35.6218,3.5327,1.7123,36.2612,11.5156,1.4441,34.7596,3.5365,1.6764,45.8122,12.4248,1.3782,36.9858,3.5264,1.7678
182.0000,2.0000,37.2313,11.4016,34.6705,11.8145,1.3925,36.0106,3.5397,1.7417,34.8005,11.1060,1.4158,34.6111,3.5351,1.6671,37.1582,11.0394,1.3532,38.2177,3.5434,1.8544
183.0000,2.0000,36.5582,11.6159,44.3039,11.8282,1.3428,36.2799,3.5218,1.7270,36.8330,10.6581,1.3842,34.8203,3.5300,1.6697,35.5249,11.5188,1.3324,38.7076,3.5465,1.8833
184.0000,2.0000,40.3229,12.4215,42.9418,12.1659,1.3029,39.1555,3.5341,1.8844,39.6124,11.7983,1.3461,36.1927,3.5287,1.7334,40.8199,13.1668,1.2972,39.8986,3.5409,1.9318
185.0000,2.0000,44.2665,13.8974,40.5455,14.7208,1.2677,41.1648,3.5455,2.0011,49.2480,13.9097,1.2820,37.5044,3.5140,1.7727,46.6657,14.9426,1.2473,41.6518,3.5358,2.0076
186.0000,2.0000,47.2549,14.6183,44.5366,14.0920,1.2255,41.7695,3.5379,2.0170,49.8384,14.8996,1.2208,40.2764,3.5205,1.9150,45.2068,14.7035,1.2072,43.8949,3.5472,2.1371
187.0000,2.0000,52.3010,16.4618,52.6366,16.7399,1.1583,42.4873,3.5212,2.0213,51.2111,15.5910,1.1617,43.1350,3.5276,2.0639,53.7662,16.5364,1.1440,44.9954,3.5319,2.1611
188.0000,2.0000,57.5994,17.6472,50.9920,18.0859,1.0976,44.7773,3.5310,2.1490,60.0532,20.8230,1.0697,44.1032,3.5080,2.0733,57.5279,17.8555,1.0747,47.6764,3.5338,2.2939
189.0000,2.0000,54.2577,16.8732,54.9328,18.3425,1.0116,38.8888,3.4846,1.7892,46.1219,16.3066,1.0387,50.0277,3.5685,2.4811,60.7257,17.9042,0.9982,48.0364,3.5221,2.2872
190.0000,1.0000,44.7325,13.5796,43.2174,13.1755,1.0610,76.1341,3.8238,4.6066,45.7552,13.6814,1.0795,75.7590,3.8134,4.5502,42.5453,12.7368,1.0508,76.3206,3.8271,4.6286
191.0000,1.0000,30.5191,9.3881,33.2804,10.3517,1.1369,73.9967,3.8366,4.5178,32.4700,9.2607,1.1595,73.7312,3.8382,4.5066,32.8748,8.6534,1.1323,74.1426,3.8391,4.5347
192.0000,1.0000,21.0904,6.8008,22.5877,6.8713,1.2452,72.8100,3.8653,4.5348,20.8120,6.6407,1.2721,72.4735,3.8692,4.5259,20.0885,6.8506,1.2472,72.8775,3.8738,4.5653
193.0000,1.0000,17.1021,5.6365,13.6809,5.5721,1.3781,72.3918,3.9000,4.6158,16.2059,6.0683,1.3963,71.9784,3.8893,4.5566,15.8899,5.2692,1.3752,72.3616,3.8928,4.5917
194.0000,1.0000,15.2317,5.0065,15.2786,4.8082,1.5081,72.0925,3.9046,4.6110,15.8676,4.8653,1.5240,71.8014,3.9009,4.5810,14.4335,4.8334,1.5074,72.1389,3.9076,4.6231
195.0000,1.0000,13.7693,4.2691,12.1260,4.4165,1.6467,71.9772,3.9263,4.6704,15.7591,4.6045,1.6524,71.7133,3.9130,4.6125,12.5601,4.2908,1.6452,71.9893,3.9250,4.6673
196.0000,1.0000,17.6196,5.5841,19.0622,5.6002,1.7667,72.6707,3.9263,4.7154,17.8860,5.9596,1.7742,72.5724,3.9293,4.7184,17.8099,5.7428,1.7681,72.6961,3.9305,4.7300
197.0000,1.0000,30.0420,9.4649,30.4146,8.8498,1.8560,74.9809,3.9290,4.8740,27.5579,8.8821,1.8702,74.8461,3.9375,4.8925,32.3279,8.8674,1.8525,74.9562,3.9225,4.8516
198.0000,1.0000,46.2246,14.0494,48.0950,13.1163,1.8980,78.0240,3.9145,5.0236,51.1557,14.9060,1.8995,77.7591,3.9018,4.9642,46.7850,14.7125,1.8940,78.0900,3.9191,5.0430
199.0000,2.0000,57.7150,17.2050,53.1793,16.6423,1.8048,32.5155,3.5400,1.5730,49.7154,16.5462,1.8150,32.4685,3.5454,1.5783,60.3736,15.4082,1.7861,32.6496,3.5290,1.5642
200.0000,2.0000,54.9677,16.9187,62.3832,16.2453,1.6904,32.8768,3.5175,1.5589,57.0085,19.6448,1.7047,32.5251,3.5249,1.5526,61.5872,17.4621,1.6723,33.5154,3.5189,1.5912
201.0000,2.0000,46.2010,14.5474,53.0871,15.4814,1.6012,32.8894,3.5211,1.5646,44.2172,14.2170,1.6395,32.3699,3.5348,1.5588,47.1215,13.1960,1.6054,33.5443,3.5322,1.6116
202.0000,2.0000,41.6671,12.9336,38.3937,13.9812,1.5546,33.7464,3.5400,1.6325,44.5281,12.2171,1.5783,32.2613,3.5278,1.5440,42.2671,11.9627,1.5538,33.5854,3.5338,1.6160
203.0000,2.0000,41.6144,12.7544,42.7591,13.4067,1.5002,34.4047,3.5313,1.6517,39.0061,11.3192,1.5360,33.4220,3.5358,1.6109,40.7698,13.2367,1.5048,34.4404,3.5348,1.6584
204.0000,2.0000,41.3025,12.7591,39.2507,13.0280,1.4581,35.4215,3.5368,1.7087,45.3368,11.7877,1.4777,33.8111,3.5230,1.6111,36.4015,12.4538,1.4707,35.2145,3.5411,1.7053
205.0000,2.0000,39.4756,12.0163,39.4069,11.7133,1.4195,35.6737,3.5339,1.7164,40.3502,11.6054,1.4346,34.7036,3.5295,1.6633,41.6884,11.4534,1.4255,35.0497,3.5283,1.6781
206.0000,2.0000,37.2313,11.4016,33.7545,11.4382,1.3964,35.9657,3.5412,1.7419,32.4876,10.7316,1.4144,35.1327,3.5407,1.7008,32.4062,11.1031,1.4058,35.6335,3.5425,1.7277
207.0000,2.0000,36.5582,11.6159,41.5946,12.2210,1.3519,36.0348,3.5256,1.7211,31.2341,10.7755,1.3966,34.9101,3.5397,1.6884,38.3187,11.9340,1.3688,35.4466,3.5293,1.6986
208.0000,2.0000,40.3229,12.4215,37.4395,13.9800,1.3197,38.5049,3.5411,1.8646,39.3825,11.9129,1.3566,35.2894,3.5258,1.6858,40.2803,12.3819,1.3304,37.2970,3.5315,1.7909
209.0000,2.0000,44.2665,13.8974,43.2995,14.6444,1.2742,39.7527,3.5338,1.9127,48.4936,13.7284,1.2926,36.6048,3.5121,1.7272,47.9467,13.8734,1.2729,38.8421,3.5216,1.8485
210.0000,2.0000,47.2549,14.6183,49.0034,14.3770,1.2185,41.0922,3.5260,1.9633,47.6978,15.8659,1.2316,39.1632,3.5194,1.8602,47.0186,15.5262,1.2196,41.2205,3.5301,1.9767
211.0000,2.0000,52.3010,16.4618,49.8021,16.4986,1.1614,43.4592,3.5319,2.0874,52.5600,14.8108,1.1673,41.6568,3.5178,1.9758,49.1243,15.7674,1.1657,43.2973,3.5326,2.0810
212.0000,2.0000,57.5994,17.6472,56.5823,17.1458,1.0874,44.1641,3.5163,2.0919,56.5968,17.0740,1.0905,42.9599,3.5101,2.0234,59.1204,17.1568,1.0832,43.2945,3.5067,2.0328
213.0000,2.0000,54.2577,16.8732,52.0013,16.0959,1.0245,42.9391,3.5114,2.0249,57.2117,15.9255,1.0119,41.7049,3.4946,1.9367,52.0149,16.3542,1.0239,44.6382,3.5210,2.1232
214.0000,1.0000,44.7325,13.5796,44.2920,13.4323,1.0701,75.9545,3.8192,4.5810,45.9779,12.3681,1.0564,76.1293,3.8147,4.5767,44.1353,14.5143,1.0672,75.9639,3.8195,4.5825
215.0000,1.0000,30.5191,9.3881,27.8833,9.4963,1.1613,73.8654,3.8538,4.5640,31.1504,8.6882,1.1420,74.0621,3.8443,4.5463,30.6134,9.9362,1.1505,73.9079,3.8450,4.5388
216.0000,1.0000,21.0904,6.8008,20.4089,7.5359,1.2726,72.4468,3.8702,4.5271,19.5581,6.4381,1.2588,72.7341,3.8748,4.5594,20.8811,7.3162,1.2616,72.6065,3.8696,4.5353
217.0000,1.0000,17.1021,5.6365,16.8410,5.6537,1.3963,71.9705,3.8873,4.5500,18.6010,5.8744,1.3781,72.1822,3.8829,4.5497,16.8638,5.6253,1.3857,72.1396,3.8882,4.5636
218.0000,1.0000,15.2317,5.0065,14.8567,5.4066,1.5251,71.8023,3.9040,4.5906,16.7636,4.9493,1.5040,72.0928,3.8998,4.5962,14.2962,4.9603,1.5175,71.9708,3.9069,4.6104
219.0000,1.0000,13.7693,4.2691,13.8269,4.7134,1.6580,71.6948,3.9190,4.6296,12.4472,4.1338,1.6427,72.0453,3.9258,4.6733,13.5771,4.4834,1.6519,71.8213,3.9206,4.6429
220.0000,1.0000,17.6196,5.5841,17.2386,5.6101,1.7821,72.4754,3.9308,4.7169,20.6116,5.7851,1.7585,72.7401,3.9217,4.7057,14.8397,5.4545,1.7826,72.5809,3.9393,4.7499
221.0000,1.0000,30.0420,9.4649,31.7116,10.3609,1.8637,74.7049,3.9225,4.8353,31.6435,9.6213,1.8432,75.1287,3.9258,4.8732,29.6933,9.9278,1.8703,74.6956,3.9292,4.8561
222.0000,1.0000,46.2246,14.0494,45.1223,14.6408,1.9090,77.8809,3.9234,5.0438,44.5602,13.8646,1.8928,78.2650,3.9282,5.0848,42.1385,14.6485,1.9227,77.7577,3.9328,5.0670
223.0000,2.0000,57.7150,17.2050,57.1331,16.7821,1.8046,32.1544,3.5335,1.5466,49.6055,17.5943,1.8065,32.6879,3.5456,1.5892,62.4855,16.4976,1.8045,31.6970,3.5250,1.5131
224.0000,2.0000,54.9677,16.9187,52.2715,17.1829,1.7131,32.8842,3.5334,1.5816,57.6316,16.0935,1.7043,32.8165,3.5251,1.5667,60.1181,16.8359,1.6943,32.8861,3.5210,1.5642
225.0000,2.0000,46.2010,14.5474,44.4062,14.5670,1.6458,32.0600,3.5340,1.5427,48.1014,15.0848,1.6272,32.3847,3.5285,1.5508,39.5502,14.4453,1.6412,32.7462,3.5427,1.5880
226.0000,2.0000,41.6671,12.9336,37.7797,12.7567,1.5995,32.0130,3.5378,1.5457,39.8360,13.2892,1.5763,32.7383,3.5358,1.5779,42.1127,14.2536,1.5808,32.1944,3.5310,1.5451
227.0000,2.0000,41.6144,12.7544,43.2073,12.6051,1.5413,32.5327,3.5270,1.5558,36.1166,12.4448,1.5386,33.5055,3.5404,1.6215,41.2264,14.6978,1.5243,33.3181,3.5312,1.5993
228.0000,2.0000,41.3025,12.7591,37.8208,12.8674,1.4985,33.5706,3.5344,1.6160,44.7293,11.8429,1.4814,33.6928,3.5237,1.6065,38.1127,12.6840,1.4831,34.3421,3.5359,1.6553
229.0000,2.0000,39.4756,12.0163,37.3032,12.3235,1.4587,33.6712,3.5315,1.6167,37.7620,13.0918,1.4406,34.5205,3.5329,1.6596,41.0241,12.0262,1.4366,34.4372,3.5276,1.6477
230.0000,2.0000,37.2313,11.4016,38.2181,10.8076,1.4206,33.8031,3.5270,1.6166,35.9354,11.4649,1.4091,34.8021,3.5337,1.6743,35.9630,9.8699,1.4096,35.0237,3.5347,1.6865
231.0000,2.0000,36.5582,11.6159,37.6441,11.6095,1.3838,34.5211,3.5274,1.6515,44.2340,13.7028,1.3524,35.2408,3.5182,1.6720,31.7904,11.7606,1.3887,35.2123,3.5396,1.7028
232.0000,2.0000,40.3229,12.4215,39.1325,11.3080,1.3482,36.2204,3.5298,1.7364,46.6539,11.9436,1.3021,38.4739,3.5247,1.8361,39.5295,12.4163,1.3485,35.8628,3.5275,1.7158
233.0000,2.0000,44.2665,13.8974,37.6714,14.1108,1.3121,37.3243,3.5338,1.7958,47.3815,14.5953,1.2502,41.2389,3.5326,1.9821,43.7823,13.0195,1.2998,37.2990,3.5232,1.7776
234.0000,2.0000,47.2549,14.6183,48.7211,15.1551,1.2452,37.1110,3.5093,1.7467,45.6670,14.2446,1.2094,43.5887,3.5448,2.1177,47.6260,15.2945,1.2385,38.4097,3.5165,1.8196
235.0000,2.0000,52.3010,16.4618,53.3026,16.6207,1.1698,39.7886,3.5073,1.8693,54.8072,16.7076,1.1424,44.6974,3.5281,2.1396,47.5497,14.9441,1.1840,40.7089,3.5229,1.9397
236.0000,2.0000,57.5994,17.6472,51.5970,17.9442,1.1021,42.4500,3.5172,2.0123,47.9035,18.5132,1.0963,47.9988,3.5569,2.3567,60.2159,17.4239,1.0889,39.5733,3.4870,1.8248
237.0000,2.0000,54.2577,16.8732,57.3415,17.4594,1.0078,37.0775,3.4724,1.6865,54.6842,16.0791,1.0179,39.3861,3.4879,1.8178,57.2020,17.0112,1.0093,42.3750,3.4978,1.9736
238.0000,1.0000,44.7325,13.5796,42.4186,13.0478,1.0596,76.1871,3.8267,4.6195,42.2248,13.4996,1.0687,76.0469,3.8266,4.6105,40.9507,12.5809,1.0658,76.1667,3.8317,4.6343
239.0000,1.0000,30.5191,9.3881,27.9831,9.2560,1.1515,74.0163,3.8543,4.5751,27.6242,9.4771,1.1606,73.8859,3.8547,4.5683,29.0355,9.8617,1.1534,73.9266,3.8503,4.5567
240.0000,1.0000,21.0904,6.8008,21.2394,7.0054,1.2624,72.5919,3.8684,4.5308,18.6274,6.8462,1.2781,72.4569,3.8761,4.5462,20.9654,7.2235,1.2644,72.5639,3.8691,4.5311
