time_days,hour,level_m,level_min_m,level_max_m,price,flow_dbar_m3h,flow_dn1_m3h,flow_d1_m3h,pressure_p1_bar,pressure_est_p1_bar
0.0,0,1.0436893203883495,1.0,2.0,1.0,18.48739495798319,5.882352941176471,55.46218487394958,4.302884615384615,
0.041666666666666664,1,1.1748584142394822,1.0,2.0,1.0,18.35434173669468,5.428921568627451,110.08403361344538,4.406069711538462,
0.08333333333333333,2,1.3950242718446602,1.0,2.0,1.0,15.336134453781513,4.621848739495798,110.08403361344538,4.442127403846154,
0.125,3,1.6252022653721683,1.0,2.0,1.0,14.07563025210084,4.201680672268908,110.08403361344538,4.473016826923077,
0.16666666666666666,4,1.8555825242718447,1.0,2.0,1.0,16.862745098039216,5.518207282913165,110.08403361344538,4.466346153846153,
0.20833333333333334,5,1.9902912621359223,1.0,2.0,1.0,27.666900093370696,8.902310924369747,50.63900560224091,3.7026742788461537,
0.25,6,1.8741909385113271,1.0,2.0,1.0,48.424369747899156,13.613445378151257,0.42016806722689076,3.423617788461539,
0.2916666666666667,7,1.7000067421790723,1.0,2.0,2.0,57.79586834733893,16.68767507002801,0.42016806722689076,3.375,
0.3333333333333333,8,1.5124056094929883,1.0,2.0,2.0,57.282913165266116,16.750700280112046,0.42016806722689076,3.3653846153846154,
0.375,9,1.3489077669902914,1.0,2.0,2.0,50.21008403361345,14.196428571428571,0.42016806722689076,3.3605769230769234,
0.4166666666666667,10,1.1994336569579287,1.0,2.0,2.0,42.734593837535016,12.990196078431373,0.42016806722689076,3.3701923076923075,
0.4583333333333333,11,1.0661407766990292,1.0,2.0,2.0,41.38655462184874,12.511817226890757,0.42016806722689076,3.3653846153846154,
0.5,12,1.0736245954692556,1.0,2.0,2.0,41.1764705882353,12.394957983193278,109.57983193277308,4.247836538461538,
0.5416666666666666,13,1.2190533980582523,1.0,2.0,2.0,36.97478991596638,11.974789915966387,110.08403361344538,4.278846153846153,
0.5833333333333334,14,1.3725728155339805,1.0,2.0,2.0,39.64285714285714,11.08893557422969,110.08403361344538,4.288461538461538,
0.625,15,1.5220469255663431,1.0,2.0,2.0,37.39495798319328,11.554621848739496,110.08403361344538,4.307542067307692,
0.6666666666666666,16,1.6715210355987054,1.0,2.0,2.0,40.64425770308123,12.507002801120446,110.08403361344538,4.309615384615385,
0.7083333333333334,17,1.810106526429342,1.0,2.0,2.0,42.436974789915965,14.010854341736696,110.08403361344538,4.3173076923076925,
0.75,18,1.9387135922330099,1.0,2.0,2.0,49.45378151260505,14.07563025210084,110.08403361344538,4.28046875,
0.7916666666666666,19,1.953647518878101,1.0,2.0,2.0,51.828314659196984,15.759803921568633,13.336834733893445,3.4397235576923086,
0.8333333333333334,20,1.7704962243797195,1.0,2.0,2.0,58.193277310924366,17.857142857142858,0.42016806722689076,3.3798076923076925,
0.875,21,1.5806027508090614,1.0,2.0,2.0,56.73844537815125,17.22689075630252,0.42016806722689076,3.371905048076923,
0.9166666666666666,22,1.4141720604099246,1.0,2.0,2.0,45.80532212885154,13.764005602240898,0.42016806722689076,3.3846153846153846,
0.9583333333333334,23,1.2962513484358145,1.0,2.0,1.0,31.484593837535012,9.259453781512605,0.42016806722689076,3.407782451923077,
1.0,24,1.215210355987055,1.0,2.0,1.0,22.85714285714287,6.554621848739498,0.42016806722689076,3.4230769230769234,
1.0416666666666667,25,1.1534182847896441,1.0,2.0,1.0,18.69747899159664,5.2521008403361344,0.42016806722689076,3.4230769230769234,3.4134615384615383
1.0833333333333333,26,1.0993797195253507,1.0,2.0,1.0,15.756302521008404,4.621848739495798,0.42016806722689076,3.4230769230769234,3.4038461538461537
1.125,27,1.0536003236245957,1.0,2.0,1.0,13.865546218487395,4.201680672268908,0.42016806722689076,3.4230769230769234,3.4038461538461537
1.1666666666666667,28,1.0194174757281553,1.0,2.0,1.0,16.755368814192348,5.224089635854346,21.449579831933253,3.583473557692309,3.8304086538461593
1.2083333333333333,29,1.1680151024811218,1.0,2.0,1.0,31.706932773109227,10.141806722689068,110.08403361344538,4.341346153846153,4.310516826923077
1.25,30,1.3207928802588997,1.0,2.0,2.0,43.01470588235294,14.075630252100842,110.08403361344538,4.269831730769231,4.2265625
1.2916666666666667,31,1.4265102481121898,1.0,2.0,2.0,55.4022584033613,17.602976190476184,110.08403361344538,4.221153846153847,4.1923076923076925
1.3333333333333333,32,1.5183387270765907,1.0,2.0,2.0,55.42843137254902,17.16937441643324,110.08403361344538,4.229807692307692,4.20625
1.375,33,1.6276294498381876,1.0,2.0,2.0,46.775210084033645,14.611344537815135,110.08403361344538,4.268915264423077,4.256069711538462
1.4166666666666667,34,1.7568770226537223,1.0,2.0,2.0,42.58837535014004,12.753921568627447,110.08403361344538,4.322115384615385,4.3015625
1.4583333333333333,35,1.8982605177993521,1.0,2.0,2.0,42.39348739495799,12.711694677871153,107.57198879551821,4.344200721153846,4.323016826923077
1.5,36,1.9862459546925566,1.0,2.0,2.0,37.35294117647058,13.088235294117643,15.88235294117611,3.954326923076913,3.69194711538461
1.5416666666666667,37,1.863706850053937,1.0,2.0,2.0,38.59948646125117,11.8281746031746,0.4235294117646956,3.4547325721153848,3.446844951923077
1.5833333333333333,38,1.7432578209277236,1.0,2.0,2.0,35.908870214752596,11.765499533146592,0.0,3.4423076923076925,3.4423076923076925
1.625,39,1.619336569579288,1.0,2.0,2.0,38.89180672268909,11.764705882352942,0.0,3.428064903846154,3.4230769230769234
1.6666666666666667,40,1.4927184466019416,1.0,2.0,2.0,42.21629318394026,11.875816993464053,0.0,3.4038461538461537,3.4062499999999996
1.7083333333333333,41,1.3614145091693635,1.0,2.0,2.0,45.19276377217554,13.432119514472456,0.0,3.3654747596153847,3.384795673076923
1.75,42,1.2113673139158574,1.0,2.0,2.0,49.15966386554622,14.558823529411772,0.0,3.3461538461538463,3.364362980769231
1.7916666666666667,43,1.0491167745415317,1.0,2.0,2.0,52.11486928104579,16.285259103641458,17.886344537815663,3.586162860576927,3.405348557692311
1.8333333333333333,44,1.0554207119741101,1.0,2.0,2.0,57.87264239028941,17.39446778711484,107.56960784313726,4.155288461538462,4.144230769230769
1.875,45,1.146338996763754,1.0,2.0,2.0,55.06827731092437,17.22689075630252,110.08403361344538,4.1923076923076925,4.167367788461538
1.9166666666666667,46,1.2545846817691482,1.0,2.0,1.0,45.99873949579832,13.619047619047619,110.08403361344538,4.208713942307693,4.238221153846155
1.9583333333333333,47,1.4081378101402364,1.0,2.0,1.0,30.20609243697481,9.75098039215688,108.97254901960787,4.348938301282051,4.338822115384615
2.0,48,1.5978964401294493,1.0,2.0,1.0,21.596638655462193,7.226890756302523,68.40336134453833,4.426282051282051,4.050961538461535
2.0416666666666665,49,1.6019417475728155,1.0,2.0,1.0,17.510772642390293,5.672887488328661,27.860737628384577,3.739573317307692,3.5857271634615384
2.0833333333333335,50,1.681499460625674,1.0,2.0,1.0,15.160947712418302,5.0357376283846875,57.52922502334275,3.750300480769231,3.7211538461538463
2.125,51,1.781148867313916,1.0,2.0,1.0,13.476890756302527,4.201680672268908,57.54726890756302,3.7596153846153846,3.730769230769231
2.1666666666666665,52,1.8767529665587916,1.0,2.0,1.0,17.305602240896327,5.27964519140988,58.180578898225946,3.769230769230769,3.7381009615384615
2.2083333333333335,53,1.9505461165048545,1.0,2.0,1.0,30.18767507002806,9.57348272642392,61.60445845004676,3.7884615384615383,3.748828125
2.25,54,1.9741100323624596,1.0,2.0,1.0,44.88970588235292,13.981092436974787,38.9915966386556,3.759735576923077,3.629927884615385
2.2916666666666665,55,1.8788767529665593,1.0,2.0,2.0,56.77789449112986,17.02581699346407,25.65548552754434,3.5051582532051286,3.4903846153846154
2.3333333333333335,56,1.7583603020496215,1.0,2.0,2.0,52.8538748832866,17.197945845004664,27.20037348272644,3.5096153846153846,3.4903846153846154
2.375,57,1.6623179611650483,1.0,2.0,2.0,46.38130252100842,14.275210084033615,29.217436974789912,3.5203225160256415,3.5032752403846157
2.4166666666666665,58,1.6004584681769147,1.0,2.0,2.0,41.402941176470584,13.209757236227826,30.997899159663863,3.5288461538461537,3.5096153846153846
2.4583333333333335,59,1.5425431499460622,1.0,2.0,2.0,41.696638655462166,12.620821661998132,32.769957983193294,3.5288461538461537,3.5096153846153846
2.5,60,1.4967637540453074,1.0,2.0,2.0,40.96638655462185,12.605042016806724,34.2436974789916,3.5288461538461537,3.5096153846153846
2.5416666666666665,61,1.4496022114347358,1.0,2.0,2.0,40.4939651416122,12.165546218487394,35.98071895424835,3.5336538461538463,3.5096153846153846
2.5833333333333335,62,1.4206445523193094,1.0,2.0,2.0,35.89773731714907,11.089775910364136,37.343323996265184,3.5384615384615383,3.518449519230769
2.625,63,1.3996763754045307,1.0,2.0,2.0,34.48004201680675,11.764705882352942,38.23004201680671,3.5384615384615383,3.519230769230769
2.6666666666666665,64,1.3632686084142396,1.0,2.0,2.0,40.95480859010276,12.635387488328663,38.65695611577965,3.5336538461538463,3.5096153846153846
2.7083333333333335,65,1.3285463861920168,1.0,2.0,2.0,43.090732959850634,14.547572362278231,39.14736227824464,3.5336538461538463,3.5096153846153846
2.75,66,1.2746763754045307,1.0,2.0,2.0,46.86974789915967,15.220588235294118,40.010504201680675,3.5240384615384617,3.5048076923076925
2.7916666666666665,67,1.2143001618122975,1.0,2.0,2.0,52.78060224089637,16.13471055088701,40.33604108309991,3.5144230769230766,3.490444711538461
2.8333333333333335,68,1.1405070118662355,1.0,2.0,2.0,57.25840336134461,18.368394024276384,40.6902427637722,3.5,3.480769230769231
2.875,69,1.060477346278317,1.0,2.0,2.0,52.132352941176464,16.41806722689075,42.179621848739515,3.5118088942307693,3.487770432692308
2.9166666666666665,70,1.023462783171521,1.0,2.0,2.0,46.7727124183007,13.789962651727379,62.3282446311854,3.8448016826923075,3.657151442307692
2.9583333333333335,71,1.0880528586839269,1.0,2.0,1.0,30.50898692810449,9.750116713351984,80.20100373482727,3.8894230769230766,3.8605769230769234
3.0,72,1.2055016181229778,1.0,2.0,1.0,20.504201680672264,6.68067226890756,79.24369747899159,3.9278846153846154,3.8997596153846157
3.0416666666666665,73,1.3404126213592231,1.0,2.0,1.0,17.018534080298785,5.881232492997199,78.66598972922503,3.9471153846153846,3.9230769230769234
3.0833333333333335,74,1.4887405609492996,1.0,2.0,1.0,14.483520074696527,5.043417366946779,78.15443510737629,3.9615384615384617,3.9326923076923075
3.125,75,1.6317758899676376,1.0,2.0,1.0,12.657563025210086,4.254201680672269,77.75735294117648,3.9759615384615383,3.9519230769230766
3.1666666666666665,76,1.7804746494066888,1.0,2.0,1.0,17.101353874883323,5.544864612511687,78.26237161531282,3.9951923076923075,3.9615384615384617
3.2083333333333335,77,1.904395900755124,1.0,2.0,1.0,30.089659197012153,9.065382819794587,81.21650326797393,3.9903846153846154,3.972626201923077
3.25,78,1.970064724919094,1.0,2.0,1.0,45.940126050420176,14.086134453781495,48.83403361344578,3.978185096153846,3.7352163461538463
3.2916666666666665,79,1.8748314455231943,1.0,2.0,2.0,59.26428571428574,17.412815126050408,25.79040616246493,3.4940805288461534,3.4903846153846154
3.3333333333333335,80,1.7502696871628907,1.0,2.0,2.0,58.15546218487397,15.978851540616244,26.895378151260505,3.471153846153847,3.4903846153846154
3.375,81,1.649271844660194,1.0,2.0,2.0,47.84663865546216,14.852941176470578,28.844537815126063,3.4846153846153856,3.5048076923076925
3.4166666666666665,82,1.5819174757281556,1.0,2.0,2.0,41.60233426704011,13.075770308123241,31.26302521008405,3.5140624999999996,3.5096153846153846
3.4583333333333335,83,1.5279800431499455,1.0,2.0,2.0,41.86514939309061,12.84740896358543,32.65623249299719,3.5288461538461537,3.5096153846153846
3.5,84,1.4822006472491907,1.0,2.0,2.0,41.09243697478994,12.752100840336134,34.15966386554622,3.5288461538461537,3.5096153846153846
3.5416666666666665,85,1.4404665587918017,1.0,2.0,2.0,37.323837535014015,11.213118580765647,35.68235294117645,3.5384615384615383,3.5151742788461533
3.5833333333333335,86,1.4093176914778858,1.0,2.0,2.0,37.016657329598495,11.813398692810463,37.294117647058826,3.5384615384615383,3.5240384615384617
3.625,87,1.3853155339805825,1.0,2.0,2.0,36.03991596638656,11.344537815126053,38.188025210084035,3.5384615384615383,3.519230769230769
3.6666666666666665,88,1.3557173678532903,1.0,2.0,2.0,39.13464985994397,12.193510737628383,38.65471521942111,3.5384615384615383,3.519230769230769
3.7083333333333335,89,1.3220738942826318,1.0,2.0,2.0,43.22623249299717,13.81753034547152,39.10646591970122,3.5335236378205126,3.5096153846153846
3.75,90,1.27123786407767,1.0,2.0,2.0,48.94957983193277,14.44327731092437,39.96848739495798,3.525841346153846,3.5096153846153846
3.7916666666666665,91,1.2102885652642934,1.0,2.0,2.0,49.84047619047612,16.676867413632127,40.84208683473389,3.519230769230769,3.5
3.8333333333333335,92,1.1321467098166125,1.0,2.0,2.0,58.93837535014009,17.306769374416447,41.74313725490197,3.5096153846153846,3.4903846153846154
3.875,93,1.0551173139158576,1.0,2.0,2.0,53.21428571428568,16.50210084033613,43.61869747899161,3.5288461538461537,3.500030048076923
3.9166666666666665,94,1.0194174757281553,1.0,2.0,2.0,42.59327731092444,13.67703081232497,65.32539682539633,3.849579326923076,3.6728365384615373
3.9583333333333335,95,1.092907227615965,1.0,2.0,1.0,32.26680672268906,9.07233893557422,80.60971055088703,3.9013521634615382,3.875
4.0,96,1.2135922330097089,1.0,2.0,1.0,20.756302521008415,6.722689075630252,79.83193277310924,3.9394230769230774,3.913942307692308
4.041666666666667,97,1.3502899137001085,1.0,2.0,1.0,17.125163398692788,5.214449112978512,79.26073762838466,3.9663461538461537,3.9423076923076925
4.083333333333333,98,1.4931229773462786,1.0,2.0,1.0,15.233006535947716,5.032586367880485,78.66535947712418,3.9711538461538463,3.9519230769230766
4.125,99,1.642597087378642,1.0,2.0,1.0,13.58193277310922,4.55357142857144,77.79936974789915,3.980769230769231,3.9615384615384617
4.166666666666667,100,1.7887001078748648,1.0,2.0,1.0,17.64197012138186,5.870168067226882,77.78907563025209,3.987980769230769,3.9663461538461537
4.208333333333333,101,1.9092502696871607,1.0,2.0,1.0,29.14470121381867,9.26428571428566,80.18942577030786,4.014423076923077,3.9663461538461537
4.25,102,1.9741100323624596,1.0,2.0,1.0,46.72268907563034,13.571428571428594,51.0609243697475,3.7933894230769223,3.7282451923076922
4.291666666666667,103,1.881674757281552,1.0,2.0,2.0,57.36223155929039,17.46323529411763,24.45009337068167,3.5,3.484044471153846
4.333333333333333,104,1.7602481121898603,1.0,2.0,2.0,56.01055088702143,17.080532212885156,25.919140989729204,3.487980769230769,3.488221153846154
4.375,105,1.657564724919094,1.0,2.0,2.0,44.957983193277315,14.863445378151262,27.9936974789916,3.519230769230769,3.4951923076923075
4.416666666666667,106,1.5883899676375401,1.0,2.0,2.0,41.105835667600395,12.988702147525697,29.659990662931868,3.5109375,3.5096153846153846
4.458333333333333,107,1.5295981661272928,1.0,2.0,2.0,43.68006535947724,13.057189542483686,31.679108309990625,3.498188530219778,3.5096153846153846
4.5,108,1.4720873786407762,1.0,2.0,2.0,41.47058823529415,13.445378151260504,33.466386554621835,3.5288461538461537,3.5096153846153846
4.541666666666667,109,1.4259034519956848,1.0,2.0,2.0,40.754894179894144,11.979365079365033,35.246848739495825,3.5298162774725275,3.5130108173076926
4.583333333333333,110,1.3922599784250276,1.0,2.0,2.0,38.325038904450665,10.976984126984132,37.01848739495795,3.5383756868131866,3.519230769230769
4.625,111,1.3609425566343045,1.0,2.0,2.0,36.33928571428579,11.853991596638668,38.4768907563025,3.5300330528846158,3.5248497596153845
4.666666666666667,112,1.3330636461704417,1.0,2.0,2.0,42.081699346405195,12.638608776844077,39.84635854341739,3.5259615384615386,3.5221153846153843
4.708333333333333,113,1.2913295577130526,1.0,2.0,2.0,46.02798786181139,14.541830065359482,40.733543417366946,3.5384615384615383,3.519230769230769
4.75,114,1.249595469255663,1.0,2.0,2.0,45.58823529411786,13.88655462184876,41.60714285714287,3.5384615384615383,3.519230769230769
4.791666666666667,115,1.187634843581445,1.0,2.0,2.0,51.84953314659207,17.049906629318354,42.50725957049488,3.5270432692307683,3.5096153846153846
4.833333333333333,116,1.1161003236245957,1.0,2.0,2.0,54.74070961718018,17.042063492063487,44.39710550887021,3.5096153846153846,3.5063701923076924
4.875,117,1.043487055016181,1.0,2.0,2.0,56.0399159663865,17.09558823529409,48.030462184873976,3.506430288461539,3.519230769230769
4.916666666666667,118,1.0113268608414239,1.0,2.0,2.0,42.826984126983945,13.154154995331439,67.65415499533198,3.8822716346153854,3.6978365384615386
4.958333333333333,119,1.0977615965480039,1.0,2.0,1.0,30.493440709617264,9.113468720821675,81.86725023342672,3.9230769230769234,3.8990384615384617
5.0,120,1.2176375404530744,1.0,2.0,1.0,21.218487394957982,6.722689075630252,80.25210084033613,3.9471153846153846,3.9230769230769234
5.041666666666667,121,1.3549757281553407,1.0,2.0,1.0,17.463842203548083,5.882352941176471,79.34523809523809,3.9615384615384617,3.9423076923076925
5.083333333333333,122,1.500404530744335,1.0,2.0,1.0,15.832679738562154,5.042016806722689,78.43837535014009,3.9711538461538463,3.9519230769230766
5.125,123,1.6479571197410998,1.0,2.0,1.0,13.865546218487395,4.201680672268908,77.53151260504204,3.9903846153846154,3.9663461538461537
5.166666666666667,124,1.795307443365696,1.0,2.0,1.0,17.506069094304422,5.4630252100840435,77.71423902894493,3.9855769230769234,3.9663461538461537
5.208333333333333,125,1.914104638619202,1.0,2.0,1.0,29.930438842203607,9.517366946778735,79.2341970121382,3.9903846153846154,3.958683894230769
5.25,126,1.9741100323624596,1.0,2.0,1.0,46.71743697478978,14.663865546218444,52.44747899159744,3.696045673076919,3.71983173076923
5.291666666666667,127,1.8743932038834927,1.0,2.0,2.0,58.43260971055088,16.41197478991603,23.197315592903966,3.473938301282051,3.480769230769231
5.333333333333333,128,1.7462243797195276,1.0,2.0,2.0,55.30116713352007,16.57507002801126,24.484780578898192,3.4858974358974373,3.480769230769231
5.375,129,1.6395631067961167,1.0,2.0,2.0,46.03991596638659,14.438025210084083,26.738445378151212,3.477564102564103,3.4951923076923075
5.416666666666667,130,1.5648597626752965,1.0,2.0,2.0,40.84533146591971,12.941456582633043,28.800653594771273,3.494471153846154,3.5
5.458333333333333,131,1.5069444444444449,1.0,2.0,2.0,38.94133986928103,12.817366946778824,30.307306255835584,3.5184374999999997,3.5
5.5,132,1.4571197411003245,1.0,2.0,2.0,41.74369747899161,12.563025210084046,32.07983193277313,3.519230769230769,3.5
5.541666666666667,133,1.4032497303128366,1.0,2.0,2.0,38.71979458450047,12.156162464985993,33.45814659197013,3.520956387362637,3.506039663461539
5.583333333333333,134,1.3655609492988134,1.0,2.0,2.0,38.01041083099906,11.615966386554632,35.469561157796484,3.5288461538461537,3.5096153846153846
5.625,135,1.3293891585760516,1.0,2.0,2.0,38.455882352941174,11.633403361344538,37.26365546218488,3.5288461538461537,3.5130709134615374
5.666666666666667,136,1.2963861920172601,1.0,2.0,2.0,41.0240896358543,12.51475256769374,38.13725490196077,3.5288461538461537,3.5096153846153846
5.708333333333333,137,1.2605852211434738,1.0,2.0,2.0,44.13711484593831,13.678127917833763,39.000490196078424,3.5288461538461537,3.5096153846153846
5.75,138,1.2148058252427185,1.0,2.0,2.0,46.838235294117624,15.094537815126047,39.49579831932773,3.519230769230769,3.5
5.791666666666667,139,1.1528114886731375,1.0,2.0,2.0,52.53160597572379,15.594444444444502,40.37586367880491,3.4951923076923075,3.4920973557692303
5.833333333333333,140,1.074029126213593,1.0,2.0,2.0,57.99925303454722,17.600046685340782,43.13930905695614,3.49834735576923,3.4945913461538454
5.875,141,1.0032362459546926,1.0,2.0,2.0,55.33613445378138,16.738445378151244,67.14285714285793,3.6792292668269218,3.660697115384615
5.916666666666667,142,1.0395091693635385,1.0,2.0,1.0,46.56881419234353,13.8361811391223,82.51381886087766,3.8365985576923087,3.8509615384615383
5.958333333333333,143,1.1268878101402378,1.0,2.0,1.0,29.94227357609716,9.442623716153145,80.96760037348275,3.918269230769231,3.8873497596153843
6.0,144,1.2459546925566332,1.0,2.0,1.0,20.672268907563,6.722689075630252,78.73949579831928,3.9326923076923075,3.9038461538461537
6.041666666666667,145,1.3747303128371104,1.0,2.0,1.0,17.064589169000932,5.294000933706814,76.9329131652661,3.9326923076923075,3.9134615384615383
6.083333333333333,146,1.5157766990291233,1.0,2.0,1.0,14.881746031746042,5.025443510737627,76.00854341736695,3.9519230769230766,3.9278846153846154
6.125,147,1.6582726537216834,1.0,2.0,1.0,14.133403361344534,4.201680672268908,75.3623949579832,3.9615384615384617,3.9423076923076925
6.166666666666667,148,1.7967907227615978,1.0,2.0,1.0,18.575957049486576,5.712745098039246,75.74976657329603,3.9557692307692314,3.9457932692307693
6.208333333333333,149,1.91895900755124,1.0,2.0,1.0,30.254388422035376,9.657633053221254,77.44857609710543,3.9557692307692314,3.942097355769231
6.25,150,1.9741100323624596,1.0,2.0,1.0,46.1922268907563,13.760504201680671,54.56932773109243,3.631310096153847,3.709735576923077
6.291666666666667,151,1.878876752966558,1.0,2.0,2.0,58.13272642390295,17.48760504201682,23.13232959850615,3.5,3.480769230769231
6.333333333333333,152,1.7545846817691468,1.0,2.0,2.0,53.62558356676001,17.53473389355738,24.386041083099936,3.5,3.480769230769231
6.375,153,1.6558454692556637,1.0,2.0,2.0,44.11764705882353,14.984243697479007,26.144957983193265,3.510674579326923,3.4946213942307693
6.416666666666667,154,1.5826591154261056,1.0,2.0,2.0,42.15443510737627,12.426237161531288,28.388562091503275,3.5180288461538463,3.5
6.458333333333333,155,1.5247437971952542,1.0,2.0,2.0,41.621101774042955,12.702497665732949,30.463352007469634,3.4831730769230766,3.5
6.5,156,1.4627831715210353,1.0,2.0,2.0,41.99579831932776,12.478991596638634,31.953781512605012,3.488671875,3.5
6.541666666666667,157,1.4129584681769147,1.0,2.0,2.0,39.450466853408074,12.010807656395869,33.72303921568634,3.5071896853146853,3.5038762019230774
6.583333333333333,158,1.371291801510248,1.0,2.0,2.0,37.423125917033396,11.759897292250233,35.099159663865485,3.5288461538461537,3.5096153846153846
6.625,159,1.3423341423948223,1.0,2.0,2.0,35.91274009603839,11.344537815126053,36.6281512605042,3.5288461538461537,3.5096153846153846
6.666666666666667,160,1.30933117583603,1.0,2.0,2.0,38.35621544914259,12.057796451914111,37.518300653594785,3.5288461538461537,3.5096153846153846
6.708333333333333,161,1.2702939590075517,1.0,2.0,2.0,42.421145865753694,13.239449112978484,37.82614379084968,3.5288461538461537,3.5096153846153846
6.75,162,1.2178398058252429,1.0,2.0,2.0,49.75840336134459,14.705882352941178,38.50840336134456,3.4840344551282043,3.5
6.791666666666667,163,1.1504180151024814,1.0,2.0,2.0,53.61171802054148,16.68548085901024,40.64866946778708,3.5096153846153846,3.5
6.833333333333333,164,1.0764563106796121,1.0,2.0,2.0,59.666409897292155,17.195704948646114,43.78011204481794,3.493149038461539,3.4951923076923075
6.875,165,1.0153721682847896,1.0,2.0,2.0,53.45325630252107,16.80672268907563,65.51995798319328,3.7747896634615405,3.6586538461538463
6.916666666666667,166,1.0459816612729245,1.0,2.0,1.0,46.62560690943017,13.59038281979448,82.06932773109233,3.8258413461538456,3.8456129807692307
6.958333333333333,167,1.1317421790722761,1.0,2.0,1.0,30.800326797385804,9.114332399626546,79.98158263305328,3.8966105769230768,3.875570913461538
7.0,168,1.2483818770226545,1.0,2.0,1.0,20.630252100840295,6.596638655462171,77.64705882352936,3.9278846153846154,3.894230769230769
7.041666666666667,169,1.377629449838188,1.0,2.0,1.0,16.429621848739465,5.873856209150326,76.1676470588235,3.9278846153846154,3.9038461538461537
7.083333333333333,170,1.5190129449838194,1.0,2.0,1.0,15.798459383753551,4.859710550887041,75.2571428571429,3.9385016025641026,3.9221754807692304
7.125,171,1.6597896440129443,1.0,2.0,1.0,14.900210084033596,4.201680672268908,74.78991596638656,3.950084134615384,3.9326923076923075
7.166666666666667,172,1.7977346278317172,1.0,2.0,1.0,17.586788048552748,5.6344070961718025,75.64416433239964,3.9615384615384617,3.9423076923076925
7.208333333333333,173,1.9141383495145623,1.0,2.0,1.0,30.645191409897336,9.711087768440718,78.59010270774975,3.9519230769230766,3.9519230769230766
7.25,174,1.9741100323624596,1.0,2.0,1.0,46.885504201680625,14.23319327731095,58.90756302520974,3.5048076923076925,3.723677884615385
7.291666666666667,175,1.877696871628909,1.0,2.0,2.0,56.32012138188621,17.428804855275473,23.94437441643334,3.5,3.480769230769231
7.333333333333333,176,1.7532362459546926,1.0,2.0,2.0,53.85933706816061,17.145331465919696,25.141223155929037,3.500320512820513,3.481730769230769
7.375,177,1.6462378640776707,1.0,2.0,2.0,47.86239495798335,13.87079831932771,26.90126050420164,3.5072115384615383,3.4924579326923073
7.416666666666667,178,1.5761866235167201,1.0,2.0,2.0,42.89201680672267,12.959803921568602,28.648459383753526,3.4935997596153845,3.5031850961538464
7.458333333333333,179,1.5128438511326865,1.0,2.0,2.0,41.88193277310917,12.481092436974805,30.40966386554621,3.4903846153846154,3.5048076923076925
7.5,180,1.4522653721682848,1.0,2.0,2.0,40.54621848739496,12.710084033613446,32.668067226890756,3.4903846153846154,3.5054086538461537
7.541666666666667,181,1.4010585221143472,1.0,2.0,2.0,40.1105648926237,12.57257236227822,34.44852941176473,3.513040865384616,3.5096153846153846
7.583333333333333,182,1.3680555555555558,1.0,2.0,2.0,36.714771241830064,11.153874883286651,36.212324929971984,3.5288461538461537,3.5124399038461536
7.625,183,1.3390978964401292,1.0,2.0,2.0,38.12149859943974,11.754201680672258,37.3844537815126,3.5288461538461537,3.519230769230769
7.666666666666667,184,1.3055555555555556,1.0,2.0,2.0,40.38608776844079,12.488702147525716,38.29131652661067,3.5288461538461537,3.5096153846153846
7.708333333333333,185,1.263821467098167,1.0,2.0,2.0,46.695915032679714,13.559990662931805,39.198179271708646,3.5288461538461537,3.5096153846153846
7.75,186,1.2180420711974114,1.0,2.0,2.0,45.5252100840336,14.359243697478982,40.10504201680671,3.5232171474358975,3.5096153846153846
7.791666666666667,187,1.1576658576051773,1.0,2.0,2.0,53.19190009337087,16.629178338001903,40.35966386554622,3.5108473557692297,3.4916165865384605
7.833333333333333,188,1.078883495145632,1.0,2.0,2.0,56.99302054154995,18.37021475256767,41.97507002801118,3.4952524038461537,3.4903846153846154
7.875,189,1.008191747572815,1.0,2.0,2.0,55.37027310924372,17.67857142857141,62.26890756302574,3.4855769230769234,3.651021634615384
7.916666666666667,190,1.0406553398058247,1.0,2.0,1.0,43.00777310924378,13.430065359477139,81.71157796451914,3.8674879807692313,3.8413461538461537
7.958333333333333,191,1.1254382416396977,1.0,2.0,1.0,29.102643557423022,9.835854341736713,79.7108193277311,3.900646033653846,3.8734074519230766
8.0,192,1.240291262135922,1.0,2.0,1.0,22.25493697478992,6.933193277310926,77.39705882352942,3.875961538461539,3.8937499999999994
8.041666666666666,193,1.3705164509169323,1.0,2.0,1.0,19.0371323529412,5.872058823529419,76.31013655462189,3.9230769230769234,3.9038461538461537
8.083333333333334,194,1.5072141316073349,1.0,2.0,1.0,15.39565826330533,4.891456582633061,75.63025210084034,3.9423076923076925,3.9230769230769234
8.125,195,1.647451456310682,1.0,2.0,1.0,14.495798319327731,4.201680672268908,75.63025210084034,3.9643930288461533,3.9423076923076925
8.166666666666666,196,1.7887001078748608,1.0,2.0,1.0,17.682072829131425,5.2521008403361344,76.26050420168067,3.937019230769232,3.956730769230769
8.208333333333334,197,1.9092165587918046,1.0,2.0,1.0,29.555322128851984,9.105392156862967,80.71253501400562,3.918269230769231,3.947385817307693
8.25,198,1.9741100323624596,1.0,2.0,1.0,47.85714285714275,14.159663865546163,55.33613445378173,3.58425480769232,3.7341947115384624
8.291666666666666,199,1.8728425026968716,1.0,2.0,2.0,55.675770308123255,17.016806722689076,22.902661064425775,3.4903846153846154,3.480769230769231
8.333333333333334,200,1.7489212513484358,1.0,2.0,2.0,57.00280112044818,16.946778711484594,25.0,3.4615384615384617,3.4843750000000004
8.375,201,1.65260922330097,1.0,2.0,2.0,46.78571428571422,14.495798319327731,26.780462184874,3.495462740384613,3.495102163461539
8.416666666666666,202,1.577872168284793,1.0,2.0,2.0,42.230392156862806,12.615546218487568,28.560924369747728,3.4891225961538455,3.502043269230769
8.458333333333334,203,1.523361650485435,1.0,2.0,2.0,37.60504201680672,12.605042016806722,30.071778711484626,3.5096153846153846,3.5042668269230774
8.5,204,1.4700647249190935,1.0,2.0,2.0,43.27731092436975,12.878151260504213,31.575630252100854,3.4903846153846154,3.506490384615385
8.541666666666666,205,1.4161947141316076,1.0,2.0,2.0,38.865546218487395,12.088585434173678,33.175770308123234,3.5144230769230766,3.5048076923076925
8.583333333333334,206,1.3769552319309595,1.0,2.0,2.0,38.02521008403362,11.344537815126051,35.13305322128857,3.5048076923076925,3.5144230769230766
8.625,207,1.3479975728155338,1.0,2.0,2.0,36.134453781512605,11.764705882352942,36.460084033613455,3.5288461538461537,3.513161057692309
8.666666666666666,208,1.319039913700108,1.0,2.0,2.0,35.924369747899156,12.759103641456525,37.17086834733892,3.5288461538461537,3.5096153846153846
8.708333333333334,209,1.273530204962243,1.0,2.0,2.0,46.237745098039234,13.235294117647058,38.04446778711487,3.5288461538461537,3.5096153846153846
8.75,210,1.2237055016181229,1.0,2.0,2.0,45.378151260504204,14.285714285714286,39.128151260504204,3.5223357371794863,3.5093149038461533
8.791666666666666,211,1.1617448759439057,1.0,2.0,2.0,49.78991596638655,16.176470588235293,39.79166666666664,3.5096153846153846,3.4903846153846154
8.833333333333334,212,1.083603020496224,1.0,2.0,2.0,57.983193277310924,17.345938375350155,40.57422969187678,3.5,3.480769230769231
8.875,213,1.0195523193096008,1.0,2.0,2.0,54.7951680672269,17.22689075630252,51.0899081854964,3.7874098557692335,3.6360276442307726
8.916666666666666,214,1.038700107874864,1.0,2.0,1.0,46.60014005602259,13.939075630252178,50.50057059860979,3.8244140624999994,3.831730769230769
8.958333333333334,215,1.121224379719526,1.0,2.0,1.0,29.954481792716994,10.066526610644239,49.54222429712623,3.8869858440170932,3.866436298076923
9.0,216,1.2338187702265404,1.0,2.0,1.0,22.436974789915602,6.512605042016807,48.583877995642666,3.8936431623931624,3.894230769230769
9.041666666666666,217,1.3638754045307409,1.0,2.0,1.0,16.8662464985995,5.5969887955182385,47.62553169415918,3.9326923076923075,3.911929086538461
9.083333333333334,218,1.50121359223301,1.0,2.0,1.0,15.112044817927156,4.831932773109243,46.667185392675606,3.9423076923076925,3.9230769230769234
9.125,219,1.643911812297733,1.0,2.0,1.0,13.655462184873949,4.201680672268908,45.708839091192054,3.9622295673076917,3.943689903846152
9.166666666666666,220,1.788700107874866,1.0,2.0,1.0,15.68627450980394,5.217086834733903,44.75049278970843,3.9656450320512824,3.956730769230769
9.208333333333334,221,1.9092502696871627,1.0,2.0,1.0,27.9236694677871,9.233193277310916,43.7921464882249,3.9326923076923075,3.9519230769230766
9.25,222,1.9822006472491909,1.0,2.0,1.0,42.87027310924392,13.634453781512754,42.66806722689061,3.9615384615384617,3.7376802884615334
9.291666666666666,223,1.8841693635382988,1.0,2.0,2.0,56.09243697478992,16.790966386554494,22.753851540616203,3.5048076923076925,3.48524639423077
9.333333333333334,224,1.7624056094929836,1.0,2.0,2.0,56.9327731092437,17.857142857142858,24.67787114845943,3.4615384615384617,3.482211538461539
9.375,225,1.6525080906148872,1.0,2.0,2.0,48.18802521008404,14.233193277310939,26.523109243697466,3.476963141025641,3.4951923076923075
9.416666666666666,226,1.5794228694714134,1.0,2.0,2.0,40.427170868347346,12.951680672268921,28.43487394957982,3.484951923076923,3.503665865384615
9.458333333333334,227,1.5215075512405611,1.0,2.0,2.0,40.54621848739496,12.419467787114865,30.425420168067195,3.499969951923077,3.5096153846153846
9.5,228,1.4712783171521022,1.0,2.0,2.0,41.38655462184874,12.605042016806722,31.722689075630253,3.517067307692307,3.501081730769231
9.541666666666666,229,1.4178128371089536,1.0,2.0,2.0,39.48179271708682,12.340686274509801,33.09173669467788,3.504387019230768,3.5096153846153846
9.583333333333334,230,1.3818096008629983,1.0,2.0,2.0,38.65546218487395,10.92436974789916,34.96148459383757,3.510216346153846,3.512920673076924
9.625,231,1.3488066343042067,1.0,2.0,2.0,38.776260504201694,11.675420168067244,36.16596638655466,3.5148137019230763,3.5144230769230766
9.666666666666666,232,1.3117583603020497,1.0,2.0,2.0,41.596638655462186,12.128851540616242,37.49299719887954,3.5288461538461537,3.5096153846153846
9.708333333333334,233,1.2670577130528573,1.0,2.0,2.0,44.11764705882353,13.377100840336228,38.82002801120454,3.5288461538461537,3.5096153846153846
9.75,234,1.221278317152103,1.0,2.0,2.0,43.69747899159664,13.707983193277366,39.705882352941174,3.5288461538461537,3.5096153846153846
9.791666666666666,235,1.1584749190938515,1.0,2.0,2.0,56.05742296918764,15.047268907562998,40.3799019607843,3.4935897435897427,3.5
9.833333333333334,236,1.075647249190937,1.0,2.0,2.0,59.03361344537815,17.22689075630252,42.801120448179326,3.472055288461541,3.5
9.875,237,1.023462783171521,1.0,2.0,2.0,52.36081932773109,16.376050420168056,53.15126050420168,3.619020432692308,3.655318509615385
9.916666666666666,238,1.0492179072276153,1.0,2.0,1.0,46.13095238095246,13.57843137254905,74.84302054154962,3.825525841346152,3.8295072115384605
9.958333333333334,239,1.1260787486515658,1.0,2.0,1.0,32.13235294117635,9.730392156862704,78.704481792717,3.8737980769230766,3.8605769230769234
10.0,240,1.2135922330097086,1.0,2.0,1.0,24.57983193277311,7.352941176470588,77.3109243697479,3.894230769230769,3.8798076923076925
